<font>
  <info face="TacitNum" size="14" bold="0" italic="0" charset="" unicode="" stretchH="1" smooth="1" aa="1" padding="2,2,2,2" spacing="0,0" outline="0"/>
  <common lineHeight="16" base="11" scaleW="1" scaleH="1" pages="1" packed="0"/>
  <pages>
    <page id="0" file="num.png"/>
  </pages>
  <chars count="10">
    <char id="32" x="126" y="0" width="14" height="14" xoffset="0" yoffset="0" xadvance="14" page="0" chnl="15"/>
    <char id="48" x="0" y="0" width="14" height="14" xoffset="0" yoffset="0" xadvance="14" page="0" chnl="15"/>
    <char id="49" x="14" y="0" width="14" height="14" xoffset="0" yoffset="0" xadvance="14" page="0" chnl="15"/>
    <char id="50" x="28" y="0" width="14" height="14" xoffset="0" yoffset="0" xadvance="14" page="0" chnl="15"/>
    <char id="51" x="42" y="0" width="14" height="14" xoffset="0" yoffset="0" xadvance="14" page="0" chnl="15"/>
    <char id="52" x="56" y="0" width="14" height="14" xoffset="0" yoffset="0" xadvance="14" page="0" chnl="15"/>
    <char id="53" x="70" y="0" width="14" height="14" xoffset="0" yoffset="0" xadvance="14" page="0" chnl="15"/>
    <char id="54" x="84" y="0" width="14" height="14" xoffset="0" yoffset="0" xadvance="14" page="0" chnl="15"/>
    <char id="55" x="98" y="0" width="14" height="14" xoffset="0" yoffset="0" xadvance="14" page="0" chnl="15"/>
    <char id="56" x="112" y="0" width="14" height="14" xoffset="0" yoffset="0" xadvance="14" page="0" chnl="15"/>
  </chars>
</font>