<font>
  <info face="greenFontNum" size="14" bold="0" italic="0" charset="" unicode="" stretchH="1" smooth="1" aa="1" padding="2,2,2,2" spacing="0,0" outline="0"/>
  <common lineHeight="29" base="11" scaleW="1" scaleH="1" pages="1" packed="0"/>
  <pages>
    <page id="0" file="green_font.png"/>
  </pages>
  <chars count="10">
    <char id="32" x="120" y="0" width="15" height="20" xoffset="0" yoffset="0" xadvance="15" page="0" chnl="15"/>
    <char id="48" x="135" y="0" width="15" height="20" xoffset="0" yoffset="0" xadvance="15" page="0" chnl="15"/>
    <char id="49" x="0" y="0" width="15" height="20" xoffset="0" yoffset="0" xadvance="15" page="0" chnl="15"/>
    <char id="50" x="15" y="0" width="15" height="20" xoffset="0" yoffset="0" xadvance="15" page="0" chnl="15"/>
    <char id="51" x="30" y="0" width="15" height="20" xoffset="0" yoffset="0" xadvance="15" page="0" chnl="15"/>
    <char id="52" x="45" y="0" width="15" height="20" xoffset="0" yoffset="0" xadvance="15" page="0" chnl="15"/>
    <char id="53" x="60" y="0" width="15" height="20" xoffset="0" yoffset="0" xadvance="15" page="0" chnl="15"/>
    <char id="54" x="75" y="0" width="15" height="20" xoffset="0" yoffset="0" xadvance="15" page="0" chnl="15"/>
    <char id="55" x="90" y="0" width="15" height="20" xoffset="0" yoffset="0" xadvance="15" page="0" chnl="15"/>
    <char id="56" x="105" y="0" width="15" height="20" xoffset="0" yoffset="0" xadvance="15" page="0" chnl="15"/>
  </chars>
</font>