<font>
  <info face="yellowFontNum" size="14" bold="0" italic="0" charset="" unicode="" stretchH="1" smooth="1" aa="1" padding="2,2,2,2" spacing="0,0" outline="0"/>
  <common lineHeight="29" base="11" scaleW="1" scaleH="1" pages="1" packed="0"/>
  <pages>
    <page id="0" file="yellow_font.png"/>
  </pages>
  <chars count="10">
    <char id="32" x="104" y="0" width="13" height="20" xoffset="0" yoffset="0" xadvance="13" page="0" chnl="13"/>
    <char id="48" x="117" y="0" width="13" height="20" xoffset="0" yoffset="0" xadvance="13" page="0" chnl="13"/>
    <char id="49" x="0" y="0" width="13" height="20" xoffset="0" yoffset="0" xadvance="13" page="0" chnl="13"/>
    <char id="50" x="13" y="0" width="13" height="20" xoffset="0" yoffset="0" xadvance="13" page="0" chnl="13"/>
    <char id="51" x="26" y="0" width="13" height="20" xoffset="0" yoffset="0" xadvance="13" page="0" chnl="13"/>
    <char id="52" x="39" y="0" width="13" height="20" xoffset="0" yoffset="0" xadvance="13" page="0" chnl="13"/>
    <char id="53" x="52" y="0" width="13" height="20" xoffset="0" yoffset="0" xadvance="13" page="0" chnl="13"/>
    <char id="54" x="65" y="0" width="13" height="20" xoffset="0" yoffset="0" xadvance="13" page="0" chnl="13"/>
    <char id="55" x="78" y="0" width="13" height="20" xoffset="0" yoffset="0" xadvance="13" page="0" chnl="13"/>
    <char id="56" x="91" y="0" width="13" height="20" xoffset="0" yoffset="0" xadvance="13" page="0" chnl="13"/>
  </chars>
</font>