{"frames": [

{
	"filename": "block_off.png",
	"frame": {"x":1,"y":1,"w":12,"h":12},
	"rotated": false,
	"trimmed": false,
	"spriteSourceSize": {"x":0,"y":0,"w":12,"h":12},
	"sourceSize": {"w":12,"h":12}
},
{
	"filename": "block_on.png",
	"frame": {"x":15,"y":1,"w":12,"h":12},
	"rotated": false,
	"trimmed": false,
	"spriteSourceSize": {"x":0,"y":0,"w":12,"h":12},
	"sourceSize": {"w":12,"h":12}
},
{
	"filename": "btn_restart.png",
	"frame": {"x":29,"y":1,"w":200,"h":75},
	"rotated": false,
	"trimmed": false,
	"spriteSourceSize": {"x":0,"y":0,"w":200,"h":75},
	"sourceSize": {"w":200,"h":75}
},
{
	"filename": "btn_start.png",
	"frame": {"x":231,"y":1,"w":200,"h":75},
	"rotated": false,
	"trimmed": false,
	"spriteSourceSize": {"x":0,"y":0,"w":200,"h":75},
	"sourceSize": {"w":200,"h":75}
},
{
	"filename": "bullet.png",
	"frame": {"x":15,"y":1,"w":12,"h":12},
	"rotated": false,
	"trimmed": false,
	"spriteSourceSize": {"x":0,"y":0,"w":12,"h":12},
	"sourceSize": {"w":12,"h":12}
},
{
	"filename": "cd_bg.png",
	"frame": {"x":1,"y":78,"w":200,"h":192},
	"rotated": false,
	"trimmed": true,
	"spriteSourceSize": {"x":0,"y":4,"w":200,"h":192},
	"sourceSize": {"w":200,"h":200}
},
{
	"filename": "cigarette.png",
	"frame": {"x":203,"y":78,"w":100,"h":10},
	"rotated": false,
	"trimmed": false,
	"spriteSourceSize": {"x":0,"y":0,"w":100,"h":10},
	"sourceSize": {"w":100,"h":10}
},
{
	"filename": "limit_bottom.png",
	"frame": {"x":305,"y":78,"w":100,"h":1},
	"rotated": false,
	"trimmed": false,
	"spriteSourceSize": {"x":0,"y":0,"w":100,"h":1},
	"sourceSize": {"w":100,"h":1}
},
{
	"filename": "limit_top.png",
	"frame": {"x":305,"y":78,"w":100,"h":1},
	"rotated": false,
	"trimmed": false,
	"spriteSourceSize": {"x":0,"y":0,"w":100,"h":1},
	"sourceSize": {"w":100,"h":1}
},
{
	"filename": "limit_v.png",
	"frame": {"x":407,"y":78,"w":1,"h":100},
	"rotated": false,
	"trimmed": false,
	"spriteSourceSize": {"x":0,"y":0,"w":1,"h":100},
	"sourceSize": {"w":1,"h":100}
},
{
	"filename": "panel.png",
	"frame": {"x":1,"y":272,"w":350,"h":250},
	"rotated": false,
	"trimmed": false,
	"spriteSourceSize": {"x":0,"y":0,"w":350,"h":250},
	"sourceSize": {"w":350,"h":250}
},
{
	"filename": "skull.png",
	"frame": {"x":353,"y":272,"w":90,"h":78},
	"rotated": false,
	"trimmed": false,
	"spriteSourceSize": {"x":0,"y":0,"w":90,"h":78},
	"sourceSize": {"w":90,"h":78}
}],
"meta": {
	"app": "http://www.codeandweb.com/texturepacker",
	"version": "1.0",
	"image": "defaultRes.png",
	"format": "RGBA8888",
	"size": {"w":444,"h":523},
	"scale": "1",
	"smartupdate": "$TexturePacker:SmartUpdate:b9dc5ae4a1f378bfd726f4d56a6e0c53:c8d76e28a9036e374e77353945562793:e16c4ef76058b83bed243ed3642d6389$"
}
}
