{
	"assets": {
		"name": "assets",
		"contents": [
			{
				"name": "Loading",
				"contents": [
					{
						"id": "50f7440e-df77-4a6b-bdd6-b7eeaf207455",
						"name": "loadingbar.png",
						"fullPath": "/Loading/loadingbar.png",
						"key": "/loadingbar.png",
						"width": 190,
						"height": 9,
						"frameWidth": 190,
						"frameHeight": 9,
						"frameMax": -1,
						"margin": 0,
						"spacing": 0,
						"anchorX": 0,
						"anchorY": 0,
						"fps": 10,
						"updated": 1501490067913,
						"atlas": "",
						"physics": {
							"enable": 0
						}
					},
					{
						"id": 1,
						"name": "preload.png",
						"fullPath": "/Loading/preload.png",
						"key": "/preload.png",
						"width": 190,
						"height": 9,
						"frameWidth": 190,
						"frameHeight": 9,
						"frameMax": -1,
						"margin": 0,
						"spacing": 0,
						"anchorX": 0,
						"anchorY": 0,
						"fps": 10,
						"updated": 1406817915033,
						"atlas": "",
						"physics": {
							"enable": 0
						}
					}
				],
				"count": 0,
				"id": 4,
				"fullPath": "/Loading",
				"isClosed": true,
				"physics": {
					"enable": 0
				}
			},
			{
				"name": "images",
				"contents": [
					{
						"id": "142f6727-f717-47c4-9bc7-ccd36b9cfe36",
						"name": "mask.png",
						"fullPath": "/images/mask.png",
						"key": "/mask.png",
						"width": 640,
						"height": 1136,
						"frameWidth": 640,
						"frameHeight": 1136,
						"frameMax": -1,
						"margin": 0,
						"spacing": 0,
						"anchorX": 0,
						"anchorY": 0,
						"fps": 10,
						"updated": 1501572128232,
						"atlas": ""
					},
					{
						"id": "bcb2794b-6de7-4bc5-8117-3a5e7230d6a3",
						"name": "victory.png",
						"fullPath": "/images/victory.png",
						"key": "/victory.png",
						"width": 448,
						"height": 338,
						"frameWidth": 448,
						"frameHeight": 338,
						"frameMax": -1,
						"margin": 0,
						"spacing": 0,
						"anchorX": 0,
						"anchorY": 0,
						"fps": 10,
						"updated": 1501574338480,
						"atlas": ""
					},
					{
						"id": "96759fe7-78b4-4ba0-b2ad-e3f606228a79",
						"name": "failed.png",
						"fullPath": "/images/failed.png",
						"key": "/failed.png",
						"width": 448,
						"height": 361,
						"frameWidth": 448,
						"frameHeight": 361,
						"frameMax": -1,
						"margin": 0,
						"spacing": 0,
						"anchorX": 0,
						"anchorY": 0,
						"fps": 10,
						"updated": 1501573336760,
						"atlas": "",
						"physics": {
							"enable": 0
						}
					},
					{
						"id": "569e99ee-3986-4510-ace8-10253d41e69a",
						"name": "bg.jpg",
						"fullPath": "/images/bg.jpg",
						"key": "/images/bg.jpg",
						"width": 640,
						"height": 1136,
						"frameWidth": 640,
						"frameHeight": 1136,
						"frameMax": -1,
						"margin": 0,
						"spacing": 0,
						"anchorX": 0,
						"anchorY": 0,
						"fps": 10,
						"updated": 1501422801776,
						"atlas": "",
						"physics": {
							"enable": 0
						}
					},
					{
						"id": "7b02755b-e6a3-404c-a8b8-8186ef02a2df",
						"name": "btn_start.png",
						"fullPath": "/images/btn_start.png",
						"key": "/images/btn_start.png",
						"width": 400,
						"height": 588,
						"frameWidth": 400,
						"frameHeight": 588,
						"frameMax": -1,
						"margin": 0,
						"spacing": 0,
						"anchorX": 0,
						"anchorY": 0,
						"fps": 10,
						"updated": 1501422801783,
						"atlas": ""
					},
					{
						"id": "ef08d255-7321-4f72-81e2-51a1b4d5c861",
						"name": "replay.png",
						"fullPath": "/images/replay.png",
						"key": "/images/replay.png",
						"width": 200,
						"height": 103,
						"frameWidth": 200,
						"frameHeight": 103,
						"frameMax": -1,
						"margin": 0,
						"spacing": 0,
						"anchorX": 0,
						"anchorY": 0,
						"fps": 10,
						"updated": 1501422801794,
						"atlas": ""
					},
					{
						"id": "25dfe4c2-3b71-411a-8ba0-6739b08f3fac",
						"name": "crazyCat.png",
						"fullPath": "/images/crazyCat.png",
						"key": "/crazyCat.png",
						"width": 427,
						"height": 96,
						"frameWidth": 427,
						"frameHeight": 96,
						"frameMax": -1,
						"margin": 0,
						"spacing": 0,
						"anchorX": 0,
						"anchorY": 0,
						"fps": 10,
						"updated": 1501481851483,
						"atlas": "/images/crazyCat.json",
						"physics": {
							"enable": 0
						},
						"type": 0
					},
					{
						"id": "d96d820c-35e8-482e-9e99-40241134f62a",
						"name": "pot.png",
						"fullPath": "/images/pot.png",
						"key": "/pot.png",
						"width": 128,
						"height": 64,
						"frameWidth": 64,
						"frameHeight": 64,
						"frameMax": -1,
						"margin": 0,
						"spacing": 0,
						"anchorX": 0,
						"anchorY": 0,
						"fps": 10,
						"updated": 1501423777458,
						"atlas": "",
						"physics": {
							"enable": 0
						}
					}
				],
				"count": 0,
				"id": "8bbe7829-1403-4ded-9e71-477ca4449353",
				"fullPath": "/images",
				"isClosed": true
			},
			{
				"id": "ccb85eda-1872-483d-bd5c-befa160ae9a8",
				"name": "launcher.png",
				"fullPath": "/launcher.png",
				"key": "/launcher.png",
				"width": 58,
				"height": 87,
				"frameWidth": 58,
				"frameHeight": 87,
				"frameMax": -1,
				"margin": 0,
				"spacing": 0,
				"anchorX": 0,
				"anchorY": 0,
				"fps": 10,
				"updated": 1501484600228,
				"atlas": ""
			}
		],
		"count": 57
	},
	"objects": {
		"name": "objects",
		"contents": [
			{
				"assetId": "ef08d255-7321-4f72-81e2-51a1b4d5c861",
				"x": 218.99999999999997,
				"y": 838.8333333333333,
				"type": 0,
				"anchorX": 0,
				"anchorY": 0,
				"userData": {},
				"physics": {
					"enable": 0
				},
				"scaleX": 1,
				"scaleY": 1,
				"angle": 0,
				"alpha": 1,
				"frame": 0,
				"isVisible": 1,
				"isLocked": 0,
				"contents": [],
				"width": 200,
				"height": 103,
				"id": "tmp1501573390634",
				"name": "replay",
				"index": -1,
				"fullPath": "/replay",
				"movies": {
					"__main": {
						"frames": [],
						"info": {
							"fps": 60
						},
						"subdata": []
					}
				},
				"keyframe": 0,
				"assetKey": "/images/replay.png"
			},
			{
				"id": "tmp1501573390633",
				"name": "victorygp",
				"x": 0,
				"y": 0,
				"type": 1,
				"angle": 0,
				"contents": [
					{
						"x": 220.14285714285677,
						"y": 603.4285714285718,
						"type": 2,
						"anchorX": -0.05291005291005291,
						"anchorY": 0,
						"scaleX": 1,
						"scaleY": 1,
						"angle": 0,
						"alpha": 1,
						"wordWrapWidth": 100,
						"style": {
							"fontFamily": "Arial",
							"fontSize": "32px",
							"font": "32px 'Arial'",
							"backgroundColor": null,
							"fill": "#ff3737",
							"align": "center",
							"boundsAlignH": "left",
							"boundsAlignV": "top",
							"stroke": "black",
							"strokeThickness": 0,
							"wordWrap": true,
							"wordWrapWidth": 100,
							"shadowOffsetX": 0,
							"shadowOffsetY": 0,
							"shadowColor": "rgba(0,0,0,0)",
							"shadowBlur": 0,
							"tabs": 0
						},
						"align": "center",
						"wordWrap": true,
						"isVisible": 1,
						"isLocked": 0,
						"text": "00",
						"id": "tmp1501573390628",
						"name": "stepCount",
						"index": -1,
						"fullPath": "/victorygp/stepCount",
						"shadow": {},
						"physics": {
							"enable": 0
						},
						"userData": {},
						"movies": {
							"__main": {
								"frames": [],
								"info": {
									"fps": 60
								},
								"subdata": []
							}
						},
						"width": 54,
						"height": 42,
						"fill": "#ff3737",
						"keyframe": 0
					},
					{
						"x": 240.42857142857133,
						"y": 657.7142857142862,
						"type": 2,
						"anchorX": -0.05291005291005291,
						"anchorY": 0,
						"scaleX": 1,
						"scaleY": 1,
						"angle": 0,
						"alpha": 1,
						"wordWrapWidth": 100,
						"style": {
							"fontFamily": "Arial",
							"fontSize": "30px",
							"font": "30px 'Arial'",
							"backgroundColor": null,
							"fill": "#ff3737",
							"align": "left",
							"boundsAlignH": "left",
							"boundsAlignV": "top",
							"stroke": "black",
							"strokeThickness": 0,
							"wordWrap": false,
							"wordWrapWidth": 100,
							"shadowOffsetX": 0,
							"shadowOffsetY": 0,
							"shadowColor": "rgba(0,0,0,0)",
							"shadowBlur": 0,
							"tabs": 0
						},
						"align": "left",
						"wordWrap": 0,
						"isVisible": 1,
						"isLocked": 0,
						"text": "凤姐夫称号",
						"id": "tmp1501573390631",
						"name": "nameshow",
						"index": -1,
						"fullPath": "/victorygp/nameshow",
						"shadow": {},
						"physics": {
							"enable": 0
						},
						"userData": {},
						"movies": {
							"__main": {
								"frames": [],
								"info": {
									"fps": 60
								},
								"subdata": []
							}
						},
						"width": 54,
						"height": 42,
						"fill": "#ff3737",
						"keyframe": 0
					},
					{
						"assetId": "bcb2794b-6de7-4bc5-8117-3a5e7230d6a3",
						"x": 320.6428571428571,
						"y": 600.9285714285713,
						"type": 0,
						"anchorX": 0.4966517857142856,
						"anchorY": 0.5103550295857986,
						"userData": {},
						"physics": {
							"enable": 0
						},
						"scaleX": 1,
						"scaleY": 1,
						"angle": 0,
						"alpha": 1,
						"frame": 0,
						"isVisible": 1,
						"isLocked": 0,
						"contents": [],
						"width": 448,
						"height": 338,
						"id": "tmp1501573390632",
						"name": "victory",
						"index": -1,
						"fullPath": "/victorygp/victory",
						"movies": {},
						"keyframe": 0,
						"assetKey": "/victory.png"
					}
				],
				"isVisible": true,
				"isLocked": 0,
				"isFixedToCamera": 0,
				"isClosed": true,
				"scaleX": 1,
				"scaleY": 1,
				"alpha": 1,
				"fullPath": "/victorygp",
				"physics": {
					"enable": 0
				},
				"userData": {},
				"movies": {
					"__main": {
						"frames": [],
						"info": {
							"fps": 60
						},
						"subdata": []
					}
				},
				"keyframe": 0,
				"easings": {},
				"width": 447.99999999999994,
				"height": 338
			},
			{
				"assetId": "96759fe7-78b4-4ba0-b2ad-e3f606228a79",
				"x": 97.99999999999982,
				"y": 409.333333333333,
				"type": 0,
				"anchorX": 0,
				"anchorY": 0,
				"userData": {},
				"physics": {
					"enable": 0
				},
				"scaleX": 1,
				"scaleY": 1,
				"angle": 0,
				"alpha": 1,
				"frame": 0,
				"isVisible": true,
				"isLocked": 0,
				"contents": [],
				"width": 448,
				"height": 361,
				"id": "tmp1501553393718",
				"name": "failed",
				"index": -1,
				"fullPath": "/failed",
				"movies": {
					"__main": {
						"frames": [],
						"info": {
							"fps": 60
						},
						"subdata": []
					}
				},
				"isClosed": true,
				"keyframe": 0,
				"assetKey": "/failed.png"
			},
			{
				"assetId": "142f6727-f717-47c4-9bc7-ccd36b9cfe36",
				"x": 0,
				"y": 0,
				"type": 0,
				"anchorX": 0,
				"anchorY": 0,
				"userData": {},
				"physics": {
					"enable": 0
				},
				"scaleX": 1,
				"scaleY": 1,
				"angle": 0,
				"alpha": 1,
				"frame": 0,
				"isVisible": 1,
				"isLocked": 0,
				"contents": [],
				"width": 640,
				"height": 1136,
				"id": "tmp1501553393712",
				"name": "mask",
				"index": -1,
				"fullPath": "/mask",
				"movies": {
					"__main": {
						"frames": [],
						"info": {
							"fps": 60
						},
						"subdata": []
					}
				},
				"assetKey": "/mask.png"
			},
			{
				"id": "tmp1501485483598",
				"name": "Loading",
				"x": 0,
				"y": 0,
				"type": 1,
				"angle": 0,
				"contents": [
					{
						"assetId": 1,
						"x": 225,
						"y": 580,
						"type": 0,
						"anchorX": 0,
						"anchorY": 0,
						"userData": {},
						"physics": {
							"enable": 0
						},
						"scaleX": 1,
						"scaleY": 1,
						"angle": 0,
						"alpha": 1,
						"frame": 0,
						"isVisible": true,
						"isLocked": 0,
						"contents": [],
						"width": 190,
						"height": 9,
						"id": "tmp1501485483599",
						"name": "preload",
						"index": -1,
						"fullPath": "/Loading/preload",
						"movies": {},
						"isClosed": true,
						"assetKey": "/preload.png"
					},
					{
						"assetId": "50f7440e-df77-4a6b-bdd6-b7eeaf207455",
						"x": 225,
						"y": 580,
						"type": 0,
						"anchorX": 0,
						"anchorY": 0,
						"userData": {},
						"physics": {
							"enable": 0
						},
						"scaleX": 1,
						"scaleY": 1,
						"angle": 0,
						"alpha": 1,
						"frame": 0,
						"isVisible": 1,
						"isLocked": 0,
						"contents": [],
						"width": 190,
						"height": 9,
						"id": "tmp1501489665485",
						"name": "loadingbar",
						"index": -1,
						"fullPath": "/Loading/loadingbar",
						"movies": {},
						"assetKey": "/loadingbar.png"
					}
				],
				"isVisible": false,
				"isLocked": 0,
				"isFixedToCamera": 0,
				"isClosed": true,
				"scaleX": 1,
				"scaleY": 1,
				"alpha": 1,
				"fullPath": "/Loading",
				"physics": {
					"enable": 0
				},
				"userData": {},
				"movies": {
					"__main": {
						"frames": [],
						"info": {
							"fps": 60
						},
						"subdata": []
					}
				},
				"assetId": 4,
				"frame": 0
			},
			{
				"assetId": "7b02755b-e6a3-404c-a8b8-8186ef02a2df",
				"x": 111.66666666666666,
				"y": 448.33333333333326,
				"type": 0,
				"anchorX": 0,
				"anchorY": 0,
				"userData": {},
				"physics": {
					"enable": 0
				},
				"scaleX": 1,
				"scaleY": 1,
				"angle": 0,
				"alpha": 1,
				"frame": 0,
				"isVisible": false,
				"isLocked": true,
				"contents": [],
				"width": 400,
				"height": 588,
				"id": "tmp1501482066431",
				"name": "btnStart",
				"index": -1,
				"fullPath": "/btnStart",
				"movies": {
					"__main": {
						"frames": [],
						"info": {
							"fps": 60
						},
						"subdata": []
					}
				},
				"isClosed": true,
				"assetKey": "/images/btn_start.png"
			},
			{
				"assetId": "25dfe4c2-3b71-411a-8ba0-6739b08f3fac",
				"x": 302.99999999999994,
				"y": 708.9999999999999,
				"type": 0,
				"anchorX": 0.5172413793103449,
				"anchorY": 1,
				"userData": {},
				"physics": {
					"enable": 0
				},
				"scaleX": 1,
				"scaleY": 1,
				"angle": 0,
				"alpha": 1,
				"frame": 0,
				"isVisible": false,
				"isLocked": true,
				"contents": [],
				"width": 58,
				"height": 87,
				"id": "tmp1501479380404",
				"name": "crazeCat",
				"index": -1,
				"fullPath": "/crazeCat",
				"isClosed": true,
				"movies": {
					"__main": {
						"frames": [],
						"info": {
							"fps": 60
						},
						"subdata": []
					}
				},
				"frameName": "slice01.png",
				"assetKey": "/crazyCat.png"
			},
			{
				"id": "tmp1501422758006",
				"name": "pots",
				"x": 0,
				"y": 0,
				"type": 1,
				"angle": 0,
				"contents": [
					{
						"assetId": "d96d820c-35e8-482e-9e99-40241134f62a",
						"x": 270,
						"y": 675,
						"type": 0,
						"anchorX": 0,
						"anchorY": 0,
						"userData": {},
						"physics": {
							"enable": 0
						},
						"scaleX": 1,
						"scaleY": 1,
						"angle": 0,
						"alpha": 1,
						"frame": 0,
						"isVisible": 1,
						"isLocked": 0,
						"contents": [],
						"width": 64,
						"height": 64,
						"id": "tmp1501479380402",
						"name": "pot27",
						"index": -1,
						"fullPath": "/pots/pot27",
						"movies": {},
						"assetKey": "/pot.png"
					},
					{
						"assetId": "d96d820c-35e8-482e-9e99-40241134f62a",
						"x": 559.5,
						"y": 965.5,
						"type": 0,
						"anchorX": 0,
						"anchorY": 0,
						"userData": {},
						"physics": {
							"enable": 0
						},
						"scaleX": 1,
						"scaleY": 1,
						"angle": 0,
						"alpha": 1,
						"frame": 0,
						"isVisible": 1,
						"isLocked": 0,
						"contents": [],
						"width": 64,
						"height": 64,
						"id": "tmp1501422757983",
						"name": "pot63",
						"index": -1,
						"fullPath": "/pots/pot63",
						"movies": {},
						"assetKey": "/pot.png"
					},
					{
						"assetId": "d96d820c-35e8-482e-9e99-40241134f62a",
						"x": 415.5,
						"y": 965.5,
						"type": 0,
						"anchorX": 0,
						"anchorY": 0,
						"userData": {},
						"physics": {
							"enable": 0
						},
						"scaleX": 1,
						"scaleY": 1,
						"angle": 0,
						"alpha": 1,
						"frame": 0,
						"isVisible": 1,
						"isLocked": 0,
						"contents": [],
						"width": 64,
						"height": 64,
						"id": "tmp1501422757981",
						"name": "pot61",
						"index": -1,
						"fullPath": "/pots/pot61",
						"movies": {},
						"assetKey": "/pot.png"
					},
					{
						"assetId": "d96d820c-35e8-482e-9e99-40241134f62a",
						"x": 342.5,
						"y": 965.5,
						"type": 0,
						"anchorX": 0,
						"anchorY": 0,
						"userData": {},
						"physics": {
							"enable": 0
						},
						"scaleX": 1,
						"scaleY": 1,
						"angle": 0,
						"alpha": 1,
						"frame": 0,
						"isVisible": 1,
						"isLocked": 0,
						"contents": [],
						"width": 64,
						"height": 64,
						"id": "tmp1501422757979",
						"name": "pot60",
						"index": -1,
						"fullPath": "/pots/pot60",
						"movies": {},
						"assetKey": "/pot.png"
					},
					{
						"assetId": "d96d820c-35e8-482e-9e99-40241134f62a",
						"x": 270.5,
						"y": 965.5,
						"type": 0,
						"anchorX": 0,
						"anchorY": 0,
						"userData": {},
						"physics": {
							"enable": 0
						},
						"scaleX": 1,
						"scaleY": 1,
						"angle": 0,
						"alpha": 1,
						"frame": 0,
						"isVisible": 1,
						"isLocked": 0,
						"contents": [],
						"width": 64,
						"height": 64,
						"id": "tmp1501422757977",
						"name": "pot59",
						"index": -1,
						"fullPath": "/pots/pot59",
						"movies": {},
						"assetKey": "/pot.png"
					},
					{
						"assetId": "d96d820c-35e8-482e-9e99-40241134f62a",
						"x": 488.5,
						"y": 965.5,
						"type": 0,
						"anchorX": 0,
						"anchorY": 0,
						"userData": {},
						"physics": {
							"enable": 0
						},
						"scaleX": 1,
						"scaleY": 1,
						"angle": 0,
						"alpha": 1,
						"frame": 0,
						"isVisible": 1,
						"isLocked": 0,
						"contents": [],
						"width": 64,
						"height": 64,
						"id": "tmp1501422757985",
						"name": "pot62",
						"index": -1,
						"fullPath": "/pots/pot62",
						"movies": {},
						"assetKey": "/pot.png"
					},
					{
						"assetId": "d96d820c-35e8-482e-9e99-40241134f62a",
						"x": 310,
						"y": 895,
						"type": 0,
						"anchorX": 0,
						"anchorY": 0,
						"userData": {},
						"physics": {
							"enable": 0
						},
						"scaleX": 1,
						"scaleY": 1,
						"angle": 0,
						"alpha": 1,
						"frame": 0,
						"isVisible": 1,
						"isLocked": 0,
						"contents": [],
						"width": 64,
						"height": 64,
						"id": "tmp1501422757963",
						"name": "pot52",
						"index": -1,
						"fullPath": "/pots/pot52",
						"movies": {},
						"frameName": "",
						"assetKey": "/pot.png"
					},
					{
						"assetId": "d96d820c-35e8-482e-9e99-40241134f62a",
						"x": 166,
						"y": 895,
						"type": 0,
						"anchorX": 0,
						"anchorY": 0,
						"userData": {},
						"physics": {
							"enable": 0
						},
						"scaleX": 1,
						"scaleY": 1,
						"angle": 0,
						"alpha": 1,
						"frame": 0,
						"isVisible": 1,
						"isLocked": 0,
						"contents": [],
						"width": 64,
						"height": 64,
						"id": "tmp1501422757959",
						"name": "pot50",
						"index": -1,
						"fullPath": "/pots/pot50",
						"movies": {},
						"assetKey": "/pot.png"
					},
					{
						"assetId": "d96d820c-35e8-482e-9e99-40241134f62a",
						"x": 20,
						"y": 895,
						"type": 0,
						"anchorX": 0,
						"anchorY": 0,
						"userData": {},
						"physics": {
							"enable": 0
						},
						"scaleX": 1,
						"scaleY": 1,
						"angle": 0,
						"alpha": 1,
						"frame": 0,
						"isVisible": 1,
						"isLocked": 0,
						"contents": [],
						"width": 64,
						"height": 64,
						"id": "tmp1501422757955",
						"name": "pot48",
						"index": -1,
						"fullPath": "/pots/pot48",
						"movies": {},
						"assetKey": "/pot.png"
					},
					{
						"assetId": "d96d820c-35e8-482e-9e99-40241134f62a",
						"x": 488,
						"y": 823,
						"type": 0,
						"anchorX": 0,
						"anchorY": 0,
						"userData": {},
						"physics": {
							"enable": 0
						},
						"scaleX": 1,
						"scaleY": 1,
						"angle": 0,
						"alpha": 1,
						"frame": 0,
						"isVisible": 1,
						"isLocked": 0,
						"contents": [],
						"width": 64,
						"height": 64,
						"id": "tmp1501422757953",
						"name": "pot46",
						"index": -1,
						"fullPath": "/pots/pot46",
						"movies": {},
						"frameName": "",
						"assetKey": "/pot.png"
					},
					{
						"assetId": "d96d820c-35e8-482e-9e99-40241134f62a",
						"x": 342,
						"y": 823,
						"type": 0,
						"anchorX": 0,
						"anchorY": 0,
						"userData": {},
						"physics": {
							"enable": 0
						},
						"scaleX": 1,
						"scaleY": 1,
						"angle": 0,
						"alpha": 1,
						"frame": 0,
						"isVisible": 1,
						"isLocked": 0,
						"contents": [],
						"width": 64,
						"height": 64,
						"id": "tmp1501422757947",
						"name": "pot44",
						"index": -1,
						"fullPath": "/pots/pot44",
						"movies": {},
						"assetKey": "/pot.png"
					},
					{
						"assetId": "d96d820c-35e8-482e-9e99-40241134f62a",
						"x": 198,
						"y": 823,
						"type": 0,
						"anchorX": 0,
						"anchorY": 0,
						"userData": {},
						"physics": {
							"enable": 0
						},
						"scaleX": 1,
						"scaleY": 1,
						"angle": 0,
						"alpha": 1,
						"frame": 0,
						"isVisible": 1,
						"isLocked": 0,
						"contents": [],
						"width": 64,
						"height": 64,
						"id": "tmp1501422757943",
						"name": "pot42",
						"index": -1,
						"fullPath": "/pots/pot42",
						"movies": {},
						"assetKey": "/pot.png"
					},
					{
						"assetId": "d96d820c-35e8-482e-9e99-40241134f62a",
						"x": 52,
						"y": 823,
						"type": 0,
						"anchorX": 0,
						"anchorY": 0,
						"userData": {},
						"physics": {
							"enable": 0
						},
						"scaleX": 1,
						"scaleY": 1,
						"angle": 0,
						"alpha": 1,
						"frame": 0,
						"isVisible": 1,
						"isLocked": 0,
						"contents": [],
						"width": 64,
						"height": 64,
						"id": "tmp1501422757939",
						"name": "pot40",
						"index": -1,
						"fullPath": "/pots/pot40",
						"movies": {},
						"assetKey": "/pot.png"
					},
					{
						"assetId": "d96d820c-35e8-482e-9e99-40241134f62a",
						"x": 456,
						"y": 747,
						"type": 0,
						"anchorX": 0,
						"anchorY": 0,
						"userData": {},
						"physics": {
							"enable": 0
						},
						"scaleX": 1,
						"scaleY": 1,
						"angle": 0,
						"alpha": 1,
						"frame": 0,
						"isVisible": 1,
						"isLocked": 0,
						"contents": [],
						"width": 64,
						"height": 64,
						"id": "tmp1501422757937",
						"name": "pot38",
						"index": -1,
						"fullPath": "/pots/pot38",
						"movies": {},
						"assetKey": "/pot.png"
					},
					{
						"assetId": "d96d820c-35e8-482e-9e99-40241134f62a",
						"x": 310,
						"y": 747,
						"type": 0,
						"anchorX": 0,
						"anchorY": 0,
						"userData": {},
						"physics": {
							"enable": 0
						},
						"scaleX": 1,
						"scaleY": 1,
						"angle": 0,
						"alpha": 1,
						"frame": 0,
						"isVisible": 1,
						"isLocked": 0,
						"contents": [],
						"width": 64,
						"height": 64,
						"id": "tmp1501422757931",
						"name": "pot36",
						"index": -1,
						"fullPath": "/pots/pot36",
						"movies": {},
						"assetKey": "/pot.png"
					},
					{
						"assetId": "d96d820c-35e8-482e-9e99-40241134f62a",
						"x": 166,
						"y": 747,
						"type": 0,
						"anchorX": 0,
						"anchorY": 0,
						"userData": {},
						"physics": {
							"enable": 0
						},
						"scaleX": 1,
						"scaleY": 1,
						"angle": 0,
						"alpha": 1,
						"frame": 0,
						"isVisible": 1,
						"isLocked": 0,
						"contents": [],
						"width": 64,
						"height": 64,
						"id": "tmp1501422757927",
						"name": "pot34",
						"index": -1,
						"fullPath": "/pots/pot34",
						"movies": {},
						"assetKey": "/pot.png"
					},
					{
						"assetId": "d96d820c-35e8-482e-9e99-40241134f62a",
						"x": 20,
						"y": 745,
						"type": 0,
						"anchorX": 0,
						"anchorY": 0,
						"userData": {},
						"physics": {
							"enable": 0
						},
						"scaleX": 1,
						"scaleY": 1,
						"angle": 0,
						"alpha": 1,
						"frame": 0,
						"isVisible": 1,
						"isLocked": 0,
						"contents": [],
						"width": 64,
						"height": 64,
						"id": "tmp1501422757923",
						"name": "pot32",
						"index": -1,
						"fullPath": "/pots/pot32",
						"movies": {},
						"assetKey": "/pot.png"
					},
					{
						"assetId": "d96d820c-35e8-482e-9e99-40241134f62a",
						"x": 488,
						"y": 675,
						"type": 0,
						"anchorX": 0,
						"anchorY": 0,
						"userData": {},
						"physics": {
							"enable": 0
						},
						"scaleX": 1,
						"scaleY": 1,
						"angle": 0,
						"alpha": 1,
						"frame": 0,
						"isVisible": 1,
						"isLocked": 0,
						"contents": [],
						"width": 64,
						"height": 64,
						"id": "tmp1501422757921",
						"name": "pot30",
						"index": -1,
						"fullPath": "/pots/pot30",
						"movies": {},
						"assetKey": "/pot.png"
					},
					{
						"assetId": "d96d820c-35e8-482e-9e99-40241134f62a",
						"x": 342,
						"y": 675,
						"type": 0,
						"anchorX": 0,
						"anchorY": 0,
						"userData": {},
						"physics": {
							"enable": 0
						},
						"scaleX": 1,
						"scaleY": 1,
						"angle": 0,
						"alpha": 1,
						"frame": 0,
						"isVisible": 1,
						"isLocked": 0,
						"contents": [],
						"width": 64,
						"height": 64,
						"id": "tmp1501422757915",
						"name": "pot28",
						"index": -1,
						"fullPath": "/pots/pot28",
						"movies": {},
						"assetKey": "/pot.png"
					},
					{
						"assetId": "d96d820c-35e8-482e-9e99-40241134f62a",
						"x": 199.42857142857142,
						"y": 675,
						"type": 0,
						"anchorX": 0,
						"anchorY": 0,
						"userData": {},
						"physics": {
							"enable": 0
						},
						"scaleX": 1,
						"scaleY": 1,
						"angle": 0,
						"alpha": 1,
						"frame": 0,
						"isVisible": 1,
						"isLocked": 0,
						"contents": [],
						"width": 64,
						"height": 64,
						"id": "tmp1501422757911",
						"name": "pot26",
						"index": -1,
						"fullPath": "/pots/pot26",
						"movies": {},
						"assetKey": "/pot.png"
					},
					{
						"assetId": "d96d820c-35e8-482e-9e99-40241134f62a",
						"x": 52,
						"y": 675,
						"type": 0,
						"anchorX": 0,
						"anchorY": 0,
						"userData": {},
						"physics": {
							"enable": 0
						},
						"scaleX": 1,
						"scaleY": 1,
						"angle": 0,
						"alpha": 1,
						"frame": 0,
						"isVisible": 1,
						"isLocked": 0,
						"contents": [],
						"width": 64,
						"height": 64,
						"id": "tmp1501422757907",
						"name": "pot24",
						"index": -1,
						"fullPath": "/pots/pot24",
						"movies": {},
						"assetKey": "/pot.png"
					},
					{
						"assetId": "d96d820c-35e8-482e-9e99-40241134f62a",
						"x": 456,
						"y": 601,
						"type": 0,
						"anchorX": 0,
						"anchorY": 0,
						"userData": {},
						"physics": {
							"enable": 0
						},
						"scaleX": 1,
						"scaleY": 1,
						"angle": 0,
						"alpha": 1,
						"frame": 0,
						"isVisible": 1,
						"isLocked": 0,
						"contents": [],
						"width": 64,
						"height": 64,
						"id": "tmp1501422757857",
						"name": "pot22",
						"index": -1,
						"fullPath": "/pots/pot22",
						"movies": {},
						"frameName": "",
						"assetKey": "/pot.png"
					},
					{
						"assetId": "d96d820c-35e8-482e-9e99-40241134f62a",
						"x": 310,
						"y": 601,
						"type": 0,
						"anchorX": 0,
						"anchorY": 0,
						"userData": {},
						"physics": {
							"enable": 0
						},
						"scaleX": 1,
						"scaleY": 1,
						"angle": 0,
						"alpha": 1,
						"frame": 0,
						"isVisible": 1,
						"isLocked": 0,
						"contents": [],
						"width": 64,
						"height": 64,
						"id": "tmp1501422757851",
						"name": "pot20",
						"index": -1,
						"fullPath": "/pots/pot20",
						"movies": {},
						"assetKey": "/pot.png"
					},
					{
						"assetId": "d96d820c-35e8-482e-9e99-40241134f62a",
						"x": 166,
						"y": 601,
						"type": 0,
						"anchorX": 0,
						"anchorY": 0,
						"userData": {},
						"physics": {
							"enable": 0
						},
						"scaleX": 1,
						"scaleY": 1,
						"angle": 0,
						"alpha": 1,
						"frame": 0,
						"isVisible": 1,
						"isLocked": 0,
						"contents": [],
						"width": 64,
						"height": 64,
						"id": "tmp1501422757847",
						"name": "pot18",
						"index": -1,
						"fullPath": "/pots/pot18",
						"movies": {},
						"frameName": "",
						"assetKey": "/pot.png"
					},
					{
						"assetId": "d96d820c-35e8-482e-9e99-40241134f62a",
						"x": 20,
						"y": 601,
						"type": 0,
						"anchorX": 0,
						"anchorY": 0,
						"userData": {},
						"physics": {
							"enable": 0
						},
						"scaleX": 1,
						"scaleY": 1,
						"angle": 0,
						"alpha": 1,
						"frame": 0,
						"isVisible": 1,
						"isLocked": 0,
						"contents": [],
						"width": 64,
						"height": 64,
						"id": "tmp1501422757843",
						"name": "pot16",
						"index": -1,
						"fullPath": "/pots/pot16",
						"movies": {},
						"assetKey": "/pot.png"
					},
					{
						"assetId": "d96d820c-35e8-482e-9e99-40241134f62a",
						"x": 488,
						"y": 529,
						"type": 0,
						"anchorX": 0,
						"anchorY": 0,
						"userData": {},
						"physics": {
							"enable": 0
						},
						"scaleX": 1,
						"scaleY": 1,
						"angle": 0,
						"alpha": 1,
						"frame": 0,
						"isVisible": 1,
						"isLocked": 0,
						"contents": [],
						"width": 64,
						"height": 64,
						"id": "tmp1501422757839",
						"name": "pot14",
						"index": -1,
						"fullPath": "/pots/pot14",
						"movies": {},
						"assetKey": "/pot.png"
					},
					{
						"assetId": "d96d820c-35e8-482e-9e99-40241134f62a",
						"x": 342,
						"y": 529,
						"type": 0,
						"anchorX": 0,
						"anchorY": 0,
						"userData": {},
						"physics": {
							"enable": 0
						},
						"scaleX": 1,
						"scaleY": 1,
						"angle": 0,
						"alpha": 1,
						"frame": 0,
						"isVisible": 1,
						"isLocked": 0,
						"contents": [],
						"width": 64,
						"height": 64,
						"id": "tmp1501422757835",
						"name": "pot12",
						"index": -1,
						"fullPath": "/pots/pot12",
						"movies": {},
						"assetKey": "/pot.png"
					},
					{
						"assetId": "d96d820c-35e8-482e-9e99-40241134f62a",
						"x": 198,
						"y": 529,
						"type": 0,
						"anchorX": 0,
						"anchorY": 0,
						"userData": {},
						"physics": {
							"enable": 0
						},
						"scaleX": 1,
						"scaleY": 1,
						"angle": 0,
						"alpha": 1,
						"frame": 0,
						"isVisible": 1,
						"isLocked": 0,
						"contents": [],
						"width": 64,
						"height": 64,
						"id": "tmp1501422757831",
						"name": "pot10",
						"index": -1,
						"fullPath": "/pots/pot10",
						"movies": {},
						"assetKey": "/pot.png"
					},
					{
						"assetId": "d96d820c-35e8-482e-9e99-40241134f62a",
						"x": 52,
						"y": 529,
						"type": 0,
						"anchorX": 0,
						"anchorY": 0,
						"userData": {},
						"physics": {
							"enable": 0
						},
						"scaleX": 1,
						"scaleY": 1,
						"angle": 0,
						"alpha": 1,
						"frame": 0,
						"isVisible": 1,
						"isLocked": 0,
						"contents": [],
						"width": 64,
						"height": 64,
						"id": "tmp1501422757827",
						"name": "pot8",
						"index": -1,
						"fullPath": "/pots/pot8",
						"movies": {},
						"assetKey": "/pot.png"
					},
					{
						"assetId": "d96d820c-35e8-482e-9e99-40241134f62a",
						"x": 456,
						"y": 459,
						"type": 0,
						"anchorX": 0,
						"anchorY": 0,
						"userData": {},
						"physics": {
							"enable": 0
						},
						"scaleX": 1,
						"scaleY": 1,
						"angle": 0,
						"alpha": 1,
						"frame": 0,
						"isVisible": 1,
						"isLocked": 0,
						"contents": [],
						"width": 64,
						"height": 64,
						"id": "tmp1501422757823",
						"name": "pot6",
						"index": -1,
						"fullPath": "/pots/pot6",
						"movies": {},
						"assetKey": "/pot.png"
					},
					{
						"assetId": "d96d820c-35e8-482e-9e99-40241134f62a",
						"x": 310,
						"y": 459,
						"type": 0,
						"anchorX": 0,
						"anchorY": 0,
						"userData": {},
						"physics": {
							"enable": 0
						},
						"scaleX": 1,
						"scaleY": 1,
						"angle": 0,
						"alpha": 1,
						"frame": 0,
						"isVisible": 1,
						"isLocked": 0,
						"contents": [],
						"width": 64,
						"height": 64,
						"id": "tmp1501422757819",
						"name": "pot4",
						"index": -1,
						"fullPath": "/pots/pot4",
						"movies": {},
						"assetKey": "/pot.png"
					},
					{
						"assetId": "d96d820c-35e8-482e-9e99-40241134f62a",
						"x": 92,
						"y": 459,
						"type": 0,
						"anchorX": 0,
						"anchorY": 0,
						"userData": {},
						"physics": {
							"enable": 0
						},
						"scaleX": 1,
						"scaleY": 1,
						"angle": 0,
						"alpha": 1,
						"frame": 0,
						"isVisible": 1,
						"isLocked": 0,
						"contents": [],
						"width": 64,
						"height": 64,
						"id": "tmp1501422757813",
						"name": "pot1",
						"index": -1,
						"fullPath": "/pots/pot1",
						"movies": {},
						"assetKey": "/pot.png"
					},
					{
						"assetId": "d96d820c-35e8-482e-9e99-40241134f62a",
						"x": 166,
						"y": 459,
						"type": 0,
						"anchorX": 0,
						"anchorY": 0,
						"userData": {},
						"physics": {
							"enable": 0
						},
						"scaleX": 1,
						"scaleY": 1,
						"angle": 0,
						"alpha": 1,
						"frame": 0,
						"isVisible": 1,
						"isLocked": 0,
						"contents": [],
						"width": 64,
						"height": 64,
						"id": "tmp1501422757815",
						"name": "pot2",
						"index": -1,
						"fullPath": "/pots/pot2",
						"movies": {},
						"assetKey": "/pot.png"
					},
					{
						"assetId": "d96d820c-35e8-482e-9e99-40241134f62a",
						"x": 559,
						"y": 823,
						"type": 0,
						"anchorX": 0,
						"anchorY": 0,
						"userData": {},
						"physics": {
							"enable": 0
						},
						"scaleX": 1,
						"scaleY": 1,
						"angle": 0,
						"alpha": 1,
						"frame": 0,
						"isVisible": 1,
						"isLocked": 0,
						"contents": [],
						"width": 64,
						"height": 64,
						"id": "tmp1501422757951",
						"name": "pot47",
						"index": -1,
						"fullPath": "/pots/pot47",
						"movies": {},
						"assetKey": "/pot.png"
					},
					{
						"assetId": "d96d820c-35e8-482e-9e99-40241134f62a",
						"x": 456,
						"y": 895,
						"type": 0,
						"anchorX": 0,
						"anchorY": 0,
						"userData": {},
						"physics": {
							"enable": 0
						},
						"scaleX": 1,
						"scaleY": 1,
						"angle": 0,
						"alpha": 1,
						"frame": 0,
						"isVisible": 1,
						"isLocked": 0,
						"contents": [],
						"width": 64,
						"height": 64,
						"id": "tmp1501422757967",
						"name": "pot54",
						"index": -1,
						"fullPath": "/pots/pot54",
						"movies": {},
						"assetKey": "/pot.png"
					},
					{
						"assetId": "d96d820c-35e8-482e-9e99-40241134f62a",
						"x": 559,
						"y": 675,
						"type": 0,
						"anchorX": 0,
						"anchorY": 0,
						"userData": {},
						"physics": {
							"enable": 0
						},
						"scaleX": 1,
						"scaleY": 1,
						"angle": 0,
						"alpha": 1,
						"frame": 0,
						"isVisible": 1,
						"isLocked": 0,
						"contents": [],
						"width": 64,
						"height": 64,
						"id": "tmp1501422757919",
						"name": "pot31",
						"index": -1,
						"fullPath": "/pots/pot31",
						"movies": {},
						"assetKey": "/pot.png"
					},
					{
						"assetId": "d96d820c-35e8-482e-9e99-40241134f62a",
						"x": 198.5,
						"y": 965.5,
						"type": 0,
						"anchorX": 0,
						"anchorY": 0,
						"userData": {},
						"physics": {
							"enable": 0
						},
						"scaleX": 1,
						"scaleY": 1,
						"angle": 0,
						"alpha": 1,
						"frame": 0,
						"isVisible": 1,
						"isLocked": 0,
						"contents": [],
						"width": 64,
						"height": 64,
						"id": "tmp1501422757975",
						"name": "pot58",
						"index": -1,
						"fullPath": "/pots/pot58",
						"movies": {},
						"frameName": "",
						"assetKey": "/pot.png"
					},
					{
						"assetId": "d96d820c-35e8-482e-9e99-40241134f62a",
						"x": 415,
						"y": 675,
						"type": 0,
						"anchorX": 0,
						"anchorY": 0,
						"userData": {},
						"physics": {
							"enable": 0
						},
						"scaleX": 1,
						"scaleY": 1,
						"angle": 0,
						"alpha": 1,
						"frame": 0,
						"isVisible": 1,
						"isLocked": 0,
						"contents": [],
						"width": 64,
						"height": 64,
						"id": "tmp1501422757917",
						"name": "pot29",
						"index": -1,
						"fullPath": "/pots/pot29",
						"movies": {},
						"assetKey": "/pot.png"
					},
					{
						"assetId": "d96d820c-35e8-482e-9e99-40241134f62a",
						"x": 415,
						"y": 823,
						"type": 0,
						"anchorX": 0,
						"anchorY": 0,
						"userData": {},
						"physics": {
							"enable": 0
						},
						"scaleX": 1,
						"scaleY": 1,
						"angle": 0,
						"alpha": 1,
						"frame": 0,
						"isVisible": 1,
						"isLocked": 0,
						"contents": [],
						"width": 64,
						"height": 64,
						"id": "tmp1501422757949",
						"name": "pot45",
						"index": -1,
						"fullPath": "/pots/pot45",
						"movies": {},
						"assetKey": "/pot.png"
					},
					{
						"assetId": "d96d820c-35e8-482e-9e99-40241134f62a",
						"x": 124,
						"y": 675,
						"type": 0,
						"anchorX": 0,
						"anchorY": 0,
						"userData": {},
						"physics": {
							"enable": 0
						},
						"scaleX": 1,
						"scaleY": 1,
						"angle": 0,
						"alpha": 1,
						"frame": 0,
						"isVisible": 1,
						"isLocked": 0,
						"contents": [],
						"width": 64,
						"height": 64,
						"id": "tmp1501422757909",
						"name": "pot25",
						"index": -1,
						"fullPath": "/pots/pot25",
						"movies": {},
						"assetKey": "/pot.png"
					},
					{
						"assetId": "d96d820c-35e8-482e-9e99-40241134f62a",
						"x": 124.5,
						"y": 965.5,
						"type": 0,
						"anchorX": 0,
						"anchorY": 0,
						"userData": {},
						"physics": {
							"enable": 0
						},
						"scaleX": 1,
						"scaleY": 1,
						"angle": 0,
						"alpha": 1,
						"frame": 0,
						"isVisible": 1,
						"isLocked": 0,
						"contents": [],
						"width": 64,
						"height": 64,
						"id": "tmp1501422757973",
						"name": "pot57",
						"index": -1,
						"fullPath": "/pots/pot57",
						"movies": {},
						"assetKey": "/pot.png"
					},
					{
						"assetId": "d96d820c-35e8-482e-9e99-40241134f62a",
						"x": 527,
						"y": 601,
						"type": 0,
						"anchorX": 0,
						"anchorY": 0,
						"userData": {},
						"physics": {
							"enable": 0
						},
						"scaleX": 1,
						"scaleY": 1,
						"angle": 0,
						"alpha": 1,
						"frame": 0,
						"isVisible": 1,
						"isLocked": 0,
						"contents": [],
						"width": 64,
						"height": 64,
						"id": "tmp1501422757855",
						"name": "pot23",
						"index": -1,
						"fullPath": "/pots/pot23",
						"movies": {},
						"assetKey": "/pot.png"
					},
					{
						"assetId": "d96d820c-35e8-482e-9e99-40241134f62a",
						"x": 270,
						"y": 823,
						"type": 0,
						"anchorX": 0,
						"anchorY": 0,
						"userData": {},
						"physics": {
							"enable": 0
						},
						"scaleX": 1,
						"scaleY": 1,
						"angle": 0,
						"alpha": 1,
						"frame": 0,
						"isVisible": 1,
						"isLocked": 0,
						"contents": [],
						"width": 64,
						"height": 64,
						"id": "tmp1501422757945",
						"name": "pot43",
						"index": -1,
						"fullPath": "/pots/pot43",
						"movies": {},
						"assetKey": "/pot.png"
					},
					{
						"assetId": "d96d820c-35e8-482e-9e99-40241134f62a",
						"x": 383,
						"y": 601,
						"type": 0,
						"anchorX": 0,
						"anchorY": 0,
						"userData": {},
						"physics": {
							"enable": 0
						},
						"scaleX": 1,
						"scaleY": 1,
						"angle": 0,
						"alpha": 1,
						"frame": 0,
						"isVisible": 1,
						"isLocked": 0,
						"contents": [],
						"width": 64,
						"height": 64,
						"id": "tmp1501422757853",
						"name": "pot21",
						"index": -1,
						"fullPath": "/pots/pot21",
						"movies": {},
						"assetKey": "/pot.png"
					},
					{
						"assetId": "d96d820c-35e8-482e-9e99-40241134f62a",
						"x": 383,
						"y": 895,
						"type": 0,
						"anchorX": 0,
						"anchorY": 0,
						"userData": {},
						"physics": {
							"enable": 0
						},
						"scaleX": 1,
						"scaleY": 1,
						"angle": 0,
						"alpha": 1,
						"frame": 0,
						"isVisible": 1,
						"isLocked": 0,
						"contents": [],
						"width": 64,
						"height": 64,
						"id": "tmp1501422757965",
						"name": "pot53",
						"index": -1,
						"fullPath": "/pots/pot53",
						"movies": {},
						"assetKey": "/pot.png"
					},
					{
						"assetId": "d96d820c-35e8-482e-9e99-40241134f62a",
						"x": 238,
						"y": 601,
						"type": 0,
						"anchorX": 0,
						"anchorY": 0,
						"userData": {},
						"physics": {
							"enable": 0
						},
						"scaleX": 1,
						"scaleY": 1,
						"angle": 0,
						"alpha": 1,
						"frame": 0,
						"isVisible": 1,
						"isLocked": 0,
						"contents": [],
						"width": 64,
						"height": 64,
						"id": "tmp1501422757849",
						"name": "pot19",
						"index": -1,
						"fullPath": "/pots/pot19",
						"movies": {},
						"assetKey": "/pot.png"
					},
					{
						"assetId": "d96d820c-35e8-482e-9e99-40241134f62a",
						"x": 124,
						"y": 823,
						"type": 0,
						"anchorX": 0,
						"anchorY": 0,
						"userData": {},
						"physics": {
							"enable": 0
						},
						"scaleX": 1,
						"scaleY": 1,
						"angle": 0,
						"alpha": 1,
						"frame": 0,
						"isVisible": 1,
						"isLocked": 0,
						"contents": [],
						"width": 64,
						"height": 64,
						"id": "tmp1501422757941",
						"name": "pot41",
						"index": -1,
						"fullPath": "/pots/pot41",
						"movies": {},
						"assetKey": "/pot.png"
					},
					{
						"assetId": "d96d820c-35e8-482e-9e99-40241134f62a",
						"x": 52,
						"y": 965.5,
						"type": 0,
						"anchorX": 0,
						"anchorY": 0,
						"userData": {},
						"physics": {
							"enable": 0
						},
						"scaleX": 1,
						"scaleY": 1,
						"angle": 0,
						"alpha": 1,
						"frame": 0,
						"isVisible": 1,
						"isLocked": 0,
						"contents": [],
						"width": 64,
						"height": 64,
						"id": "tmp1501422757971",
						"name": "pot56",
						"index": -1,
						"fullPath": "/pots/pot56",
						"movies": {},
						"assetKey": "/pot.png"
					},
					{
						"assetId": "d96d820c-35e8-482e-9e99-40241134f62a",
						"x": 527,
						"y": 747,
						"type": 0,
						"anchorX": 0,
						"anchorY": 0,
						"userData": {},
						"physics": {
							"enable": 0
						},
						"scaleX": 1,
						"scaleY": 1,
						"angle": 0,
						"alpha": 1,
						"frame": 0,
						"isVisible": 1,
						"isLocked": 0,
						"contents": [],
						"width": 64,
						"height": 64,
						"id": "tmp1501422757935",
						"name": "pot39",
						"index": -1,
						"fullPath": "/pots/pot39",
						"movies": {},
						"assetKey": "/pot.png"
					},
					{
						"assetId": "d96d820c-35e8-482e-9e99-40241134f62a",
						"x": 92,
						"y": 601,
						"type": 0,
						"anchorX": 0,
						"anchorY": 0,
						"userData": {},
						"physics": {
							"enable": 0
						},
						"scaleX": 1,
						"scaleY": 1,
						"angle": 0,
						"alpha": 1,
						"frame": 0,
						"isVisible": 1,
						"isLocked": 0,
						"contents": [],
						"width": 64,
						"height": 64,
						"id": "tmp1501422757845",
						"name": "pot17",
						"index": -1,
						"fullPath": "/pots/pot17",
						"movies": {},
						"assetKey": "/pot.png"
					},
					{
						"assetId": "d96d820c-35e8-482e-9e99-40241134f62a",
						"x": 415,
						"y": 529,
						"type": 0,
						"anchorX": 0,
						"anchorY": 0,
						"userData": {},
						"physics": {
							"enable": 0
						},
						"scaleX": 1,
						"scaleY": 1,
						"angle": 0,
						"alpha": 1,
						"frame": 0,
						"isVisible": 1,
						"isLocked": 0,
						"contents": [],
						"width": 64,
						"height": 64,
						"id": "tmp1501422757837",
						"name": "pot13",
						"index": -1,
						"fullPath": "/pots/pot13",
						"movies": {},
						"frameName": "",
						"assetKey": "/pot.png"
					},
					{
						"assetId": "d96d820c-35e8-482e-9e99-40241134f62a",
						"x": 559,
						"y": 529,
						"type": 0,
						"anchorX": 0,
						"anchorY": 0,
						"userData": {},
						"physics": {
							"enable": 0
						},
						"scaleX": 1,
						"scaleY": 1,
						"angle": 0,
						"alpha": 1,
						"frame": 0,
						"isVisible": 1,
						"isLocked": 0,
						"contents": [],
						"width": 64,
						"height": 64,
						"id": "tmp1501422757841",
						"name": "pot15",
						"index": -1,
						"fullPath": "/pots/pot15",
						"movies": {},
						"assetKey": "/pot.png"
					},
					{
						"assetId": "d96d820c-35e8-482e-9e99-40241134f62a",
						"x": 270,
						"y": 529,
						"type": 0,
						"anchorX": 0,
						"anchorY": 0,
						"userData": {},
						"physics": {
							"enable": 0
						},
						"scaleX": 1,
						"scaleY": 1,
						"angle": 0,
						"alpha": 1,
						"frame": 0,
						"isVisible": 1,
						"isLocked": 0,
						"contents": [],
						"width": 64,
						"height": 64,
						"id": "tmp1501422757833",
						"name": "pot11",
						"index": -1,
						"fullPath": "/pots/pot11",
						"movies": {},
						"assetKey": "/pot.png"
					},
					{
						"assetId": "d96d820c-35e8-482e-9e99-40241134f62a",
						"x": 238,
						"y": 895,
						"type": 0,
						"anchorX": 0,
						"anchorY": 0,
						"userData": {},
						"physics": {
							"enable": 0
						},
						"scaleX": 1,
						"scaleY": 1,
						"angle": 0,
						"alpha": 1,
						"frame": 0,
						"isVisible": 1,
						"isLocked": 0,
						"contents": [],
						"width": 64,
						"height": 64,
						"id": "tmp1501422757961",
						"name": "pot51",
						"index": -1,
						"fullPath": "/pots/pot51",
						"movies": {},
						"assetKey": "/pot.png"
					},
					{
						"assetId": "d96d820c-35e8-482e-9e99-40241134f62a",
						"x": 527,
						"y": 895,
						"type": 0,
						"anchorX": 0,
						"anchorY": 0,
						"userData": {},
						"physics": {
							"enable": 0
						},
						"scaleX": 1,
						"scaleY": 1,
						"angle": 0,
						"alpha": 1,
						"frame": 0,
						"isVisible": 1,
						"isLocked": 0,
						"contents": [],
						"width": 64,
						"height": 64,
						"id": "tmp1501422757969",
						"name": "pot55",
						"index": -1,
						"fullPath": "/pots/pot55",
						"movies": {},
						"assetKey": "/pot.png"
					},
					{
						"assetId": "d96d820c-35e8-482e-9e99-40241134f62a",
						"x": 383,
						"y": 747,
						"type": 0,
						"anchorX": 0,
						"anchorY": 0,
						"userData": {},
						"physics": {
							"enable": 0
						},
						"scaleX": 1,
						"scaleY": 1,
						"angle": 0,
						"alpha": 1,
						"frame": 0,
						"isVisible": 1,
						"isLocked": 0,
						"contents": [],
						"width": 64,
						"height": 64,
						"id": "tmp1501422757933",
						"name": "pot37",
						"index": -1,
						"fullPath": "/pots/pot37",
						"movies": {},
						"assetKey": "/pot.png"
					},
					{
						"assetId": "d96d820c-35e8-482e-9e99-40241134f62a",
						"x": 527,
						"y": 459,
						"type": 0,
						"anchorX": 0,
						"anchorY": 0,
						"userData": {},
						"physics": {
							"enable": 0
						},
						"scaleX": 1,
						"scaleY": 1,
						"angle": 0,
						"alpha": 1,
						"frame": 0,
						"isVisible": 1,
						"isLocked": 0,
						"contents": [],
						"width": 64,
						"height": 64,
						"id": "tmp1501422757825",
						"name": "pot7",
						"index": -1,
						"fullPath": "/pots/pot7",
						"movies": {},
						"assetKey": "/pot.png"
					},
					{
						"assetId": "d96d820c-35e8-482e-9e99-40241134f62a",
						"x": 124,
						"y": 529,
						"type": 0,
						"anchorX": 0,
						"anchorY": 0,
						"userData": {},
						"physics": {
							"enable": 0
						},
						"scaleX": 1,
						"scaleY": 1,
						"angle": 0,
						"alpha": 1,
						"frame": 0,
						"isVisible": 1,
						"isLocked": 0,
						"contents": [],
						"width": 64,
						"height": 64,
						"id": "tmp1501422757829",
						"name": "pot9",
						"index": -1,
						"fullPath": "/pots/pot9",
						"movies": {},
						"frameName": "",
						"assetKey": "/pot.png"
					},
					{
						"assetId": "d96d820c-35e8-482e-9e99-40241134f62a",
						"x": 238,
						"y": 747,
						"type": 0,
						"anchorX": 0,
						"anchorY": 0,
						"userData": {},
						"physics": {
							"enable": 0
						},
						"scaleX": 1,
						"scaleY": 1,
						"angle": 0,
						"alpha": 1,
						"frame": 0,
						"isVisible": 1,
						"isLocked": 0,
						"contents": [],
						"width": 64,
						"height": 64,
						"id": "tmp1501422757929",
						"name": "pot35",
						"index": -1,
						"fullPath": "/pots/pot35",
						"movies": {},
						"assetKey": "/pot.png"
					},
					{
						"assetId": "d96d820c-35e8-482e-9e99-40241134f62a",
						"x": 383,
						"y": 459,
						"type": 0,
						"anchorX": 0,
						"anchorY": 0,
						"userData": {},
						"physics": {
							"enable": 0
						},
						"scaleX": 1,
						"scaleY": 1,
						"angle": 0,
						"alpha": 1,
						"frame": 0,
						"isVisible": 1,
						"isLocked": 0,
						"contents": [],
						"width": 64,
						"height": 64,
						"id": "tmp1501422757821",
						"name": "pot5",
						"index": -1,
						"fullPath": "/pots/pot5",
						"movies": {},
						"assetKey": "/pot.png"
					},
					{
						"assetId": "d96d820c-35e8-482e-9e99-40241134f62a",
						"x": 92,
						"y": 895,
						"type": 0,
						"anchorX": 0,
						"anchorY": 0,
						"userData": {},
						"physics": {
							"enable": 0
						},
						"scaleX": 1,
						"scaleY": 1,
						"angle": 0,
						"alpha": 1,
						"frame": 0,
						"isVisible": 1,
						"isLocked": 0,
						"contents": [],
						"width": 64,
						"height": 64,
						"id": "tmp1501422757957",
						"name": "pot49",
						"index": -1,
						"fullPath": "/pots/pot49",
						"movies": {},
						"frameName": "",
						"assetKey": "/pot.png"
					},
					{
						"assetId": "d96d820c-35e8-482e-9e99-40241134f62a",
						"x": 20,
						"y": 458,
						"type": 0,
						"anchorX": 0,
						"anchorY": 0,
						"userData": {},
						"physics": {
							"enable": 0
						},
						"scaleX": 1,
						"scaleY": 1,
						"angle": 0,
						"alpha": 1,
						"frame": 0,
						"isVisible": true,
						"isLocked": 0,
						"contents": [],
						"width": 64,
						"height": 64,
						"id": "tmp1501422757810",
						"name": "pot0",
						"index": -1,
						"fullPath": "/pots/pot0",
						"movies": {
							"__main": {
								"frames": [],
								"info": {
									"fps": 60
								},
								"subdata": []
							}
						},
						"isClosed": true,
						"assetKey": "/pot.png"
					},
					{
						"assetId": "d96d820c-35e8-482e-9e99-40241134f62a",
						"x": 238,
						"y": 459,
						"type": 0,
						"anchorX": 0,
						"anchorY": 0,
						"userData": {},
						"physics": {
							"enable": 0
						},
						"scaleX": 1,
						"scaleY": 1,
						"angle": 0,
						"alpha": 1,
						"frame": 0,
						"isVisible": true,
						"isLocked": 0,
						"contents": [],
						"width": 64,
						"height": 64,
						"id": "tmp1501422757817",
						"name": "pot3",
						"index": -1,
						"fullPath": "/pots/pot3",
						"movies": {},
						"assetKey": "/pot.png"
					},
					{
						"assetId": "d96d820c-35e8-482e-9e99-40241134f62a",
						"x": 92,
						"y": 747,
						"type": 0,
						"anchorX": 0,
						"anchorY": 0,
						"userData": {},
						"physics": {
							"enable": 0
						},
						"scaleX": 1,
						"scaleY": 1,
						"angle": 0,
						"alpha": 1,
						"frame": 0,
						"isVisible": true,
						"isLocked": 0,
						"contents": [],
						"width": 64,
						"height": 64,
						"id": "tmp1501422757925",
						"name": "pot33",
						"index": -1,
						"fullPath": "/pots/pot33",
						"movies": {},
						"frameName": "",
						"assetKey": "/pot.png"
					}
				],
				"isVisible": false,
				"isLocked": false,
				"isFixedToCamera": 0,
				"isClosed": true,
				"scaleX": 1,
				"scaleY": 1,
				"alpha": 1,
				"fullPath": "/pots",
				"physics": {
					"enable": 0
				},
				"userData": {},
				"movies": {
					"__main": {
						"frames": [],
						"info": {
							"fps": 60
						},
						"subdata": []
					}
				},
				"assetId": "d96d820c-35e8-482e-9e99-40241134f62a",
				"frame": 0,
				"frameName": "",
				"assetKey": "/pot.png"
			},
			{
				"assetId": "569e99ee-3986-4510-ace8-10253d41e69a",
				"x": 0,
				"y": -7.993605777301127e-14,
				"type": 0,
				"anchorX": 0,
				"anchorY": 0,
				"userData": {},
				"physics": {
					"enable": 0
				},
				"scaleX": 1,
				"scaleY": 1,
				"angle": 0,
				"alpha": 1,
				"frame": 0,
				"isVisible": true,
				"isLocked": true,
				"contents": [],
				"width": 640,
				"height": 1136,
				"id": "tmp1501422757790",
				"name": "bg",
				"index": -1,
				"fullPath": "/bg",
				"movies": {
					"__main": {
						"frames": [],
						"info": {
							"fps": 60
						},
						"subdata": []
					}
				},
				"isClosed": true,
				"assetKey": "/images/bg.jpg"
			}
		],
		"count": 0
	},
	"map": {
		"cameraX": -223.8,
		"cameraY": -40.40000000000001,
		"worldWidth": 640,
		"worldHeight": 1136,
		"viewportWidth": 640,
		"viewportHeight": 1136,
		"scaleMode": "SHOW_ALL",
		"gridX": 32,
		"gridY": 32,
		"gridOffsetX": 0,
		"gridOffsetY": 0,
		"showGrid": 1,
		"gridOpacity": 0.3,
		"backgroundColor": "#676767",
		"movieInfo": {
			"fps": 60,
			"lastFrame": 60
		},
		"pixelPerfectPicking": 1,
		"physics": {
			"enable": 0
		}
	}
}