<font>
  <info face="Impact" size="60" bold="0" italic="0" charset="" unicode="1" stretchH="100" smooth="1" aa="1" padding="0,0,0,0" spacing="1,1" outline="0"/>
  <common lineHeight="60" base="50" scaleW="256" scaleH="256" pages="1" packed="0" alphaChnl="0" redChnl="3" greenChnl="3" blueChnl="3"/>
  <pages>
    <page id="0" file="number.png" />
  </pages>
  <chars count="11">
    <char id="48" x="26" y="0" width="24" height="60" xoffset="1" yoffset="0" xadvance="26" page="0" chnl="15" />
    <char id="49" x="220" y="0" width="17" height="60" xoffset="0" yoffset="0" xadvance="18" page="0" chnl="15" />
    <char id="50" x="51" y="0" width="24" height="60" xoffset="0" yoffset="0" xadvance="24" page="0" chnl="15" />
    <char id="51" x="176" y="0" width="23" height="60" xoffset="1" yoffset="0" xadvance="25" page="0" chnl="15" />
    <char id="52" x="0" y="0" width="25" height="60" xoffset="-1" yoffset="0" xadvance="24" page="0" chnl="15" />
    <char id="53" x="76" y="0" width="24" height="60" xoffset="1" yoffset="0" xadvance="26" page="0" chnl="15" />
    <char id="54" x="101" y="0" width="24" height="60" xoffset="1" yoffset="0" xadvance="26" page="0" chnl="15" />
    <char id="55" x="200" y="0" width="19" height="60" xoffset="0" yoffset="0" xadvance="19" page="0" chnl="15" />
    <char id="56" x="126" y="0" width="24" height="60" xoffset="1" yoffset="0" xadvance="26" page="0" chnl="15" />
    <char id="57" x="151" y="0" width="24" height="60" xoffset="1" yoffset="0" xadvance="26" page="0" chnl="15" />
    <char id="58" x="238" y="0" width="9" height="60" xoffset="1" yoffset="0" xadvance="10" page="0" chnl="15" />
  </chars>
  <kernings count="11">
    <kerning first="55" second="55" amount="1" />
    <kerning first="55" second="52" amount="-1" />
    <kerning first="55" second="51" amount="1" />
    <kerning first="55" second="49" amount="1" />
    <kerning first="54" second="55" amount="-1" />
    <kerning first="53" second="55" amount="-1" />
    <kerning first="53" second="50" amount="-1" />
    <kerning first="53" second="49" amount="-1" />
    <kerning first="50" second="52" amount="-1" />
    <kerning first="52" second="55" amount="-1" />
    <kerning first="52" second="49" amount="-1" />
  </kernings>
</font>
