{"frames":[{"filename":"run_00","frame":{"x":654,"y":388,"w":74,"h":121},"rotated":false,"trimmed":false,"spriteSourceSize":{"x":0,"y":0,"w":74,"h":121},"sourceSize":{"w":74,"h":121}},{"filename":"run_01","frame":{"x":1080,"y":1155,"w":74,"h":121},"rotated":false,"trimmed":false,"spriteSourceSize":{"x":0,"y":0,"w":74,"h":121},"sourceSize":{"w":74,"h":121}},{"filename":"run_02","frame":{"x":678,"y":582,"w":74,"h":121},"rotated":false,"trimmed":false,"spriteSourceSize":{"x":0,"y":0,"w":74,"h":121},"sourceSize":{"w":74,"h":121}},{"filename":"run_03","frame":{"x":603,"y":582,"w":74,"h":121},"rotated":false,"trimmed":false,"spriteSourceSize":{"x":0,"y":0,"w":74,"h":121},"sourceSize":{"w":74,"h":121}},{"filename":"run_04","frame":{"x":678,"y":773,"w":74,"h":121},"rotated":false,"trimmed":false,"spriteSourceSize":{"x":0,"y":0,"w":74,"h":121},"sourceSize":{"w":74,"h":121}},{"filename":"run_05","frame":{"x":603,"y":773,"w":74,"h":121},"rotated":false,"trimmed":false,"spriteSourceSize":{"x":0,"y":0,"w":74,"h":121},"sourceSize":{"w":74,"h":121}},{"filename":"run_06","frame":{"x":879,"y":964,"w":74,"h":121},"rotated":false,"trimmed":false,"spriteSourceSize":{"x":0,"y":0,"w":74,"h":121},"sourceSize":{"w":74,"h":121}},{"filename":"run_07","frame":{"x":804,"y":964,"w":74,"h":121},"rotated":false,"trimmed":false,"spriteSourceSize":{"x":0,"y":0,"w":74,"h":121},"sourceSize":{"w":74,"h":121}},{"filename":"run_08","frame":{"x":879,"y":1346,"w":74,"h":121},"rotated":false,"trimmed":false,"spriteSourceSize":{"x":0,"y":0,"w":74,"h":121},"sourceSize":{"w":74,"h":121}},{"filename":"run_09","frame":{"x":1005,"y":1155,"w":74,"h":121},"rotated":false,"trimmed":false,"spriteSourceSize":{"x":0,"y":0,"w":74,"h":121},"sourceSize":{"w":74,"h":121}},{"filename":"run_10","frame":{"x":1254,"y":1346,"w":74,"h":121},"rotated":false,"trimmed":false,"spriteSourceSize":{"x":0,"y":0,"w":74,"h":121},"sourceSize":{"w":74,"h":121}},{"filename":"run_11","frame":{"x":1179,"y":1346,"w":74,"h":121},"rotated":false,"trimmed":false,"spriteSourceSize":{"x":0,"y":0,"w":74,"h":121},"sourceSize":{"w":74,"h":121}},{"filename":"run_12","frame":{"x":1104,"y":1346,"w":74,"h":121},"rotated":false,"trimmed":false,"spriteSourceSize":{"x":0,"y":0,"w":74,"h":121},"sourceSize":{"w":74,"h":121}},{"filename":"run_13","frame":{"x":1029,"y":1346,"w":74,"h":121},"rotated":false,"trimmed":false,"spriteSourceSize":{"x":0,"y":0,"w":74,"h":121},"sourceSize":{"w":74,"h":121}},{"filename":"run_14","frame":{"x":954,"y":1346,"w":74,"h":121},"rotated":false,"trimmed":false,"spriteSourceSize":{"x":0,"y":0,"w":74,"h":121},"sourceSize":{"w":74,"h":121}},{"filename":"run_15","frame":{"x":804,"y":1346,"w":74,"h":121},"rotated":false,"trimmed":false,"spriteSourceSize":{"x":0,"y":0,"w":74,"h":121},"sourceSize":{"w":74,"h":121}},{"filename":"get_15","frame":{"x":109,"y":0,"w":108,"h":193},"rotated":false,"trimmed":false,"spriteSourceSize":{"x":0,"y":0,"w":108,"h":193},"sourceSize":{"w":108,"h":193}},{"filename":"get_16","frame":{"x":0,"y":388,"w":108,"h":193},"rotated":false,"trimmed":false,"spriteSourceSize":{"x":0,"y":0,"w":108,"h":193},"sourceSize":{"w":108,"h":193}},{"filename":"get_17","frame":{"x":654,"y":194,"w":108,"h":193},"rotated":false,"trimmed":false,"spriteSourceSize":{"x":0,"y":0,"w":108,"h":193},"sourceSize":{"w":108,"h":193}},{"filename":"get_18","frame":{"x":545,"y":388,"w":108,"h":193},"rotated":false,"trimmed":false,"spriteSourceSize":{"x":0,"y":0,"w":108,"h":193},"sourceSize":{"w":108,"h":193}},{"filename":"get_19","frame":{"x":545,"y":194,"w":108,"h":193},"rotated":false,"trimmed":false,"spriteSourceSize":{"x":0,"y":0,"w":108,"h":193},"sourceSize":{"w":108,"h":193}},{"filename":"get_00","frame":{"x":545,"y":0,"w":108,"h":193},"rotated":false,"trimmed":false,"spriteSourceSize":{"x":0,"y":0,"w":108,"h":193},"sourceSize":{"w":108,"h":193}},{"filename":"get_01","frame":{"x":436,"y":388,"w":108,"h":193},"rotated":false,"trimmed":false,"spriteSourceSize":{"x":0,"y":0,"w":108,"h":193},"sourceSize":{"w":108,"h":193}},{"filename":"get_02","frame":{"x":327,"y":388,"w":108,"h":193},"rotated":false,"trimmed":false,"spriteSourceSize":{"x":0,"y":0,"w":108,"h":193},"sourceSize":{"w":108,"h":193}},{"filename":"get_03","frame":{"x":218,"y":388,"w":108,"h":193},"rotated":false,"trimmed":false,"spriteSourceSize":{"x":0,"y":0,"w":108,"h":193},"sourceSize":{"w":108,"h":193}},{"filename":"get_04","frame":{"x":218,"y":0,"w":108,"h":193},"rotated":false,"trimmed":false,"spriteSourceSize":{"x":0,"y":0,"w":108,"h":193},"sourceSize":{"w":108,"h":193}},{"filename":"get_05","frame":{"x":0,"y":0,"w":108,"h":193},"rotated":false,"trimmed":false,"spriteSourceSize":{"x":0,"y":0,"w":108,"h":193},"sourceSize":{"w":108,"h":193}},{"filename":"get_06","frame":{"x":436,"y":194,"w":108,"h":193},"rotated":false,"trimmed":false,"spriteSourceSize":{"x":0,"y":0,"w":108,"h":193},"sourceSize":{"w":108,"h":193}},{"filename":"get_07","frame":{"x":436,"y":0,"w":108,"h":193},"rotated":false,"trimmed":false,"spriteSourceSize":{"x":0,"y":0,"w":108,"h":193},"sourceSize":{"w":108,"h":193}},{"filename":"get_08","frame":{"x":327,"y":194,"w":108,"h":193},"rotated":false,"trimmed":false,"spriteSourceSize":{"x":0,"y":0,"w":108,"h":193},"sourceSize":{"w":108,"h":193}},{"filename":"get_09","frame":{"x":327,"y":0,"w":108,"h":193},"rotated":false,"trimmed":false,"spriteSourceSize":{"x":0,"y":0,"w":108,"h":193},"sourceSize":{"w":108,"h":193}},{"filename":"get_10","frame":{"x":218,"y":194,"w":108,"h":193},"rotated":false,"trimmed":false,"spriteSourceSize":{"x":0,"y":0,"w":108,"h":193},"sourceSize":{"w":108,"h":193}},{"filename":"get_11","frame":{"x":109,"y":194,"w":108,"h":193},"rotated":false,"trimmed":false,"spriteSourceSize":{"x":0,"y":0,"w":108,"h":193},"sourceSize":{"w":108,"h":193}},{"filename":"get_12","frame":{"x":0,"y":194,"w":108,"h":193},"rotated":false,"trimmed":false,"spriteSourceSize":{"x":0,"y":0,"w":108,"h":193},"sourceSize":{"w":108,"h":193}},{"filename":"get_13","frame":{"x":109,"y":388,"w":108,"h":193},"rotated":false,"trimmed":false,"spriteSourceSize":{"x":0,"y":0,"w":108,"h":193},"sourceSize":{"w":108,"h":193}},{"filename":"get_14","frame":{"x":654,"y":0,"w":108,"h":193},"rotated":false,"trimmed":false,"spriteSourceSize":{"x":0,"y":0,"w":108,"h":193},"sourceSize":{"w":108,"h":193}},{"filename":"lose_30","frame":{"x":964,"y":191,"w":200,"h":190},"rotated":false,"trimmed":false,"spriteSourceSize":{"x":0,"y":0,"w":200,"h":190},"sourceSize":{"w":200,"h":190}},{"filename":"lose_31","frame":{"x":964,"y":382,"w":200,"h":190},"rotated":false,"trimmed":false,"spriteSourceSize":{"x":0,"y":0,"w":200,"h":190},"sourceSize":{"w":200,"h":190}},{"filename":"lose_32","frame":{"x":964,"y":0,"w":200,"h":190},"rotated":false,"trimmed":false,"spriteSourceSize":{"x":0,"y":0,"w":200,"h":190},"sourceSize":{"w":200,"h":190}},{"filename":"lose_33","frame":{"x":603,"y":964,"w":200,"h":190},"rotated":false,"trimmed":false,"spriteSourceSize":{"x":0,"y":0,"w":200,"h":190},"sourceSize":{"w":200,"h":190}},{"filename":"lose_34","frame":{"x":402,"y":964,"w":200,"h":190},"rotated":false,"trimmed":false,"spriteSourceSize":{"x":0,"y":0,"w":200,"h":190},"sourceSize":{"w":200,"h":190}},{"filename":"lose_35","frame":{"x":201,"y":964,"w":200,"h":190},"rotated":false,"trimmed":false,"spriteSourceSize":{"x":0,"y":0,"w":200,"h":190},"sourceSize":{"w":200,"h":190}},{"filename":"lose_36","frame":{"x":0,"y":964,"w":200,"h":190},"rotated":false,"trimmed":false,"spriteSourceSize":{"x":0,"y":0,"w":200,"h":190},"sourceSize":{"w":200,"h":190}},{"filename":"lose_00","frame":{"x":763,"y":764,"w":200,"h":190},"rotated":false,"trimmed":false,"spriteSourceSize":{"x":0,"y":0,"w":200,"h":190},"sourceSize":{"w":200,"h":190}},{"filename":"lose_01","frame":{"x":763,"y":573,"w":200,"h":190},"rotated":false,"trimmed":false,"spriteSourceSize":{"x":0,"y":0,"w":200,"h":190},"sourceSize":{"w":200,"h":190}},{"filename":"lose_02","frame":{"x":763,"y":382,"w":200,"h":190},"rotated":false,"trimmed":false,"spriteSourceSize":{"x":0,"y":0,"w":200,"h":190},"sourceSize":{"w":200,"h":190}},{"filename":"lose_03","frame":{"x":763,"y":191,"w":200,"h":190},"rotated":false,"trimmed":false,"spriteSourceSize":{"x":0,"y":0,"w":200,"h":190},"sourceSize":{"w":200,"h":190}},{"filename":"lose_04","frame":{"x":763,"y":0,"w":200,"h":190},"rotated":false,"trimmed":false,"spriteSourceSize":{"x":0,"y":0,"w":200,"h":190},"sourceSize":{"w":200,"h":190}},{"filename":"lose_05","frame":{"x":402,"y":773,"w":200,"h":190},"rotated":false,"trimmed":false,"spriteSourceSize":{"x":0,"y":0,"w":200,"h":190},"sourceSize":{"w":200,"h":190}},{"filename":"lose_06","frame":{"x":201,"y":773,"w":200,"h":190},"rotated":false,"trimmed":false,"spriteSourceSize":{"x":0,"y":0,"w":200,"h":190},"sourceSize":{"w":200,"h":190}},{"filename":"lose_07","frame":{"x":0,"y":773,"w":200,"h":190},"rotated":false,"trimmed":false,"spriteSourceSize":{"x":0,"y":0,"w":200,"h":190},"sourceSize":{"w":200,"h":190}},{"filename":"lose_08","frame":{"x":402,"y":582,"w":200,"h":190},"rotated":false,"trimmed":false,"spriteSourceSize":{"x":0,"y":0,"w":200,"h":190},"sourceSize":{"w":200,"h":190}},{"filename":"lose_09","frame":{"x":201,"y":582,"w":200,"h":190},"rotated":false,"trimmed":false,"spriteSourceSize":{"x":0,"y":0,"w":200,"h":190},"sourceSize":{"w":200,"h":190}},{"filename":"lose_10","frame":{"x":603,"y":1346,"w":200,"h":190},"rotated":false,"trimmed":false,"spriteSourceSize":{"x":0,"y":0,"w":200,"h":190},"sourceSize":{"w":200,"h":190}},{"filename":"lose_11","frame":{"x":402,"y":1346,"w":200,"h":190},"rotated":false,"trimmed":false,"spriteSourceSize":{"x":0,"y":0,"w":200,"h":190},"sourceSize":{"w":200,"h":190}},{"filename":"lose_12","frame":{"x":201,"y":1346,"w":200,"h":190},"rotated":false,"trimmed":false,"spriteSourceSize":{"x":0,"y":0,"w":200,"h":190},"sourceSize":{"w":200,"h":190}},{"filename":"lose_13","frame":{"x":0,"y":1346,"w":200,"h":190},"rotated":false,"trimmed":false,"spriteSourceSize":{"x":0,"y":0,"w":200,"h":190},"sourceSize":{"w":200,"h":190}},{"filename":"lose_14","frame":{"x":1165,"y":1146,"w":200,"h":190},"rotated":false,"trimmed":false,"spriteSourceSize":{"x":0,"y":0,"w":200,"h":190},"sourceSize":{"w":200,"h":190}},{"filename":"lose_15","frame":{"x":1165,"y":955,"w":200,"h":190},"rotated":false,"trimmed":false,"spriteSourceSize":{"x":0,"y":0,"w":200,"h":190},"sourceSize":{"w":200,"h":190}},{"filename":"lose_16","frame":{"x":1165,"y":764,"w":200,"h":190},"rotated":false,"trimmed":false,"spriteSourceSize":{"x":0,"y":0,"w":200,"h":190},"sourceSize":{"w":200,"h":190}},{"filename":"lose_17","frame":{"x":1165,"y":573,"w":200,"h":190},"rotated":false,"trimmed":false,"spriteSourceSize":{"x":0,"y":0,"w":200,"h":190},"sourceSize":{"w":200,"h":190}},{"filename":"lose_18","frame":{"x":1165,"y":382,"w":200,"h":190},"rotated":false,"trimmed":false,"spriteSourceSize":{"x":0,"y":0,"w":200,"h":190},"sourceSize":{"w":200,"h":190}},{"filename":"lose_19","frame":{"x":1165,"y":191,"w":200,"h":190},"rotated":false,"trimmed":false,"spriteSourceSize":{"x":0,"y":0,"w":200,"h":190},"sourceSize":{"w":200,"h":190}},{"filename":"lose_20","frame":{"x":1165,"y":0,"w":200,"h":190},"rotated":false,"trimmed":false,"spriteSourceSize":{"x":0,"y":0,"w":200,"h":190},"sourceSize":{"w":200,"h":190}},{"filename":"lose_21","frame":{"x":804,"y":1155,"w":200,"h":190},"rotated":false,"trimmed":false,"spriteSourceSize":{"x":0,"y":0,"w":200,"h":190},"sourceSize":{"w":200,"h":190}},{"filename":"lose_22","frame":{"x":603,"y":1155,"w":200,"h":190},"rotated":false,"trimmed":false,"spriteSourceSize":{"x":0,"y":0,"w":200,"h":190},"sourceSize":{"w":200,"h":190}},{"filename":"lose_23","frame":{"x":402,"y":1155,"w":200,"h":190},"rotated":false,"trimmed":false,"spriteSourceSize":{"x":0,"y":0,"w":200,"h":190},"sourceSize":{"w":200,"h":190}},{"filename":"lose_24","frame":{"x":201,"y":1155,"w":200,"h":190},"rotated":false,"trimmed":false,"spriteSourceSize":{"x":0,"y":0,"w":200,"h":190},"sourceSize":{"w":200,"h":190}},{"filename":"lose_25","frame":{"x":0,"y":1155,"w":200,"h":190},"rotated":false,"trimmed":false,"spriteSourceSize":{"x":0,"y":0,"w":200,"h":190},"sourceSize":{"w":200,"h":190}},{"filename":"lose_26","frame":{"x":964,"y":955,"w":200,"h":190},"rotated":false,"trimmed":false,"spriteSourceSize":{"x":0,"y":0,"w":200,"h":190},"sourceSize":{"w":200,"h":190}},{"filename":"lose_27","frame":{"x":964,"y":764,"w":200,"h":190},"rotated":false,"trimmed":false,"spriteSourceSize":{"x":0,"y":0,"w":200,"h":190},"sourceSize":{"w":200,"h":190}},{"filename":"lose_28","frame":{"x":964,"y":573,"w":200,"h":190},"rotated":false,"trimmed":false,"spriteSourceSize":{"x":0,"y":0,"w":200,"h":190},"sourceSize":{"w":200,"h":190}},{"filename":"lose_29","frame":{"x":0,"y":582,"w":200,"h":190},"rotated":false,"trimmed":false,"spriteSourceSize":{"x":0,"y":0,"w":200,"h":190},"sourceSize":{"w":200,"h":190}}],"meta":{"app":"https://www.leshylabs.com/apps/sstool/","version":"Leshy SpriteSheet Tool v0.8.4","image":"bangAll.png","size":{"w":1365,"h":1536},"scale":1}}