{ "height":31,
 "layers":[
        {
         "data":[ 1,  2,  2,  2,  2,  2,  2,  2,  2,  2,  2,  2,  2,  3,  4,  2,  2,  2,  2,  2,  2,  2,  2,  2,  2,  2,  2,  5,  
                  6,  7,  7,  7,  7,  7,  7,  7,  7,  7,  7,  7,  7,  8,  9,  7,  7,  7,  7,  7,  7,  7,  7,  7,  7,  7,  7, 10,  
                  6,  7, 11, 12, 12, 13,  7, 11, 12, 12, 12, 13,  7,  8,  9,  7, 11, 12, 12, 12, 13,  7, 11, 12, 12, 13,  7, 10,  
                  6, 40,  8, 14, 14,  9,  7,  8, 14, 14, 14,  9,  7,  8,  9,  7,  8, 14, 14, 14,  9,  7,  8, 14, 14,  9,  40, 10,
                  6,  7, 15, 16, 16, 17,  7, 15, 16, 16, 16, 17,  7, 15, 17,  7, 15, 16, 16, 16, 17,  7, 15, 16, 16, 17,  7, 10,  
                  6,  7,  7,  7,  7,  7,  7,  7,  7,  7,  7,  7,  7,  7,  7,  7,  7,  7,  7,  7,  7,  7,  7,  7,  7,  7,  7, 10,  
                  6,  7, 11, 12, 12, 13,  7, 11, 13,  7, 11, 12, 12, 12, 12, 12, 12, 13,  7, 11, 13,  7, 11, 12, 12, 13,  7, 10,  
                  6,  7, 15, 16, 16, 17,  7,  8,  9,  7, 15, 16, 16, 18, 19, 16, 16, 17,  7,  8,  9,  7, 15, 16, 16, 17,  7, 10,
                  6,  7,  7,  7,  7,  7,  7,  8,  9,  7,  7,  7,  7,  8,  9,  7,  7,  7,  7,  8,  9,  7,  7,  7,  7,  7,  7, 10, 
                 20, 21, 21, 21, 21, 13,  7,  8, 22, 12, 12, 13, 14,  8,  9, 14, 11, 12, 12, 23,  9,  7, 11, 21, 21, 21, 21, 24, 
                 14, 14, 14, 14, 14,  6,  7,  8, 19, 16, 16, 17, 14, 15, 17, 14, 15, 16, 16, 18,  9,  7, 10, 14, 14, 14, 14, 14, 
                 14, 14, 14, 14, 14,  6,  7,  8,  9, 14, 14, 14, 14, 14, 14, 14, 14, 14, 14,  8,  9,  7, 10, 14, 14, 14, 14, 14, 
                 14, 14, 14, 14, 14,  6,  7,  8,  9, 14, 25, 21, 26, 35, 35, 27, 21, 28, 14,  8,  9,  7, 10, 14, 14, 14, 14, 14, 
                  2,  2,  2,  2,  2, 17,  7, 15, 17, 14, 10, 14, 14, 36, 36, 14, 14,  6, 14, 15, 17,  7, 15,  2,  2,  2,  2,  2, 
                  7,  7,  7,  7,  7,  7,  7, 14, 14, 14, 10, 36, 36, 36, 36, 36, 36,  6, 14, 14, 14,  7,  7,  7,  7,  7,  7,  7, 
                 21, 21, 21, 21, 21, 13,  7, 11, 13, 14, 10, 36, 36, 36, 36, 36, 36,  6, 14, 11, 13,  7, 11, 21, 21, 21, 21, 21, 
                 14, 14, 14, 14, 14,  6,  7,  8,  9, 14, 29,  2,  2,  2,  2,  2,  2, 30, 14,  8,  9,  7, 10, 14, 14, 14, 14, 14, 
                 14, 14, 14, 14, 14,  6,  7,  8,  9, 14, 14, 14, 14, 14, 14, 14, 14, 14, 14,  8,  9,  7, 10, 14, 14, 14, 14, 14, 
                 14, 14, 14, 14, 14,  6,  7,  8,  9, 14, 11, 12, 12, 12, 12, 12, 12, 13, 14,  8,  9,  7, 10, 14, 14, 14, 14, 14, 
                  1,  2,  2,  2,  2, 17,  7, 15, 17, 14, 15, 16, 16, 18, 19, 16, 16, 17, 14, 15, 17,  7, 15,  2,  2,  2,  2,  5, 
                  6,  7,  7,  7,  7,  7,  7,  7,  7,  7,  7,  7,  7,  8,  9,  7,  7,  7,  7,  7,  7,  7,  7,  7,  7,  7,  7, 10, 
                  6,  7, 11, 12, 12, 13,  7, 11, 12, 12, 12, 13,  7,  8,  9,  7, 11, 12, 12, 12, 13,  7, 11, 12, 12, 13,  7, 10, 
                  6,  7, 15, 16, 18,  9,  7, 15, 16, 16, 16, 17,  7, 15, 17,  7, 15, 16, 16, 16, 17,  7,  8, 19, 16, 17,  7, 10, 
                  6, 40,  7,  7,  8,  9,  7,  7,  7,  7,  7,  7,  7,  7,  7,  7,  7,  7,  7,  7,  7,  7,  8,  9,  7,  7, 40, 10, 
                 31, 12, 13, 7, 8, 9, 7, 11, 13, 7, 11, 12, 12, 12, 12, 12, 12, 13, 7, 11, 13, 7, 8, 9, 7, 11, 12, 32, 33, 16, 17, 7, 15, 17, 7, 8, 9, 7, 15, 16, 16, 18, 19, 16, 16, 17, 7, 8, 9, 7, 15, 17, 7, 15, 16, 34, 6, 7, 7, 7, 7, 7, 7, 8, 9, 7, 7, 7, 7, 8, 9, 7, 7, 7, 7, 8, 9, 7, 7, 7, 7, 7, 7, 10, 6, 7, 11, 12, 12, 12, 12, 23, 22, 12, 12, 13, 7, 8, 9, 7, 11, 12, 12, 23, 22, 12, 12, 12, 12, 13, 7, 10, 6, 7, 15, 16, 16, 16, 16, 16, 16, 16, 16, 17, 7, 15, 17, 7, 15, 16, 16, 16, 16, 16, 16, 16, 16, 17, 7, 10, 6, 7, 7, 7, 7, 7, 7, 7, 7, 7, 7, 7, 7, 7, 7, 7, 7, 7, 7, 7, 7, 7, 7, 7, 7, 7, 7, 10, 20, 21, 21, 21, 21, 21, 21, 21, 21, 21, 21, 21, 21, 21, 21, 21, 21, 21, 21, 21, 21, 21, 21, 21, 21, 21, 21, 24],
         "height":31,
         "name":"Pacman",
         "opacity":1,
         "type":"tilelayer",
         "visible":true,
         "width":28,
         "x":0,
         "y":0
        }],
 "orientation":"orthogonal",
 "properties":
    {

    },
 "tileheight":16,
 "tilesets":[
        {
         "firstgid":1,
         "image":"..\/pacman-tiles.png",
         "imageheight":48,
         "imagewidth":256,
         "margin":0,
         "name":"pacman-tiles",
         "properties":
            {

            },
         "spacing":0,
         "tileheight":16,
         "tilewidth":16
        }],
 "tilewidth":16,
 "version":1,
 "width":28
}