<font>
  <info face="tankNum" size="40" bold="0" italic="0" charset="" unicode="" stretchH="1" smooth="1" aa="1" padding="2,2,2,2" spacing="0,0" outline="0"/>
  <common lineHeight="29" base="11" scaleW="1" scaleH="1" pages="1" packed="0"/>
  <pages>
    <page id="0" file="num.png"/>
  </pages>
  <chars count="10">
    <char id="32" x="261" y="0" width="29" height="57" xoffset="0" yoffset="0" xadvance="29" page="0" chnl="29"/>
    <char id="48" x="0" y="0" width="29" height="57" xoffset="0" yoffset="0" xadvance="29" page="0" chnl="29"/>
    <char id="49" x="29" y="0" width="29" height="57" xoffset="0" yoffset="0" xadvance="29" page="0" chnl="29"/>
    <char id="50" x="58" y="0" width="29" height="57" xoffset="0" yoffset="0" xadvance="29" page="0" chnl="29"/>
    <char id="51" x="87" y="0" width="29" height="57" xoffset="0" yoffset="0" xadvance="29" page="0" chnl="29"/>
    <char id="52" x="116" y="0" width="29" height="57" xoffset="0" yoffset="0" xadvance="29" page="0" chnl="29"/>
    <char id="53" x="145" y="0" width="29" height="57" xoffset="0" yoffset="0" xadvance="29" page="0" chnl="29"/>
    <char id="54" x="174" y="0" width="29" height="57" xoffset="0" yoffset="0" xadvance="29" page="0" chnl="29"/>
    <char id="55" x="203" y="0" width="29" height="57" xoffset="0" yoffset="0" xadvance="29" page="0" chnl="29"/>
    <char id="56" x="232" y="0" width="29" height="57" xoffset="0" yoffset="0" xadvance="29" page="0" chnl="29"/>
  </chars>
</font>