{"frames": [

{
	"filename": "monster101_run_0001",
	"frame": {"x":75,"y":2,"w":87,"h":68},
	"rotated": false,
	"trimmed": false,
	"spriteSourceSize": {"x":0,"y":0,"w":87,"h":68},
	"sourceSize": {"w":87,"h":68}
},
{
	"filename": "monster101_run_0002",
	"frame": {"x":311,"y":2,"w":70,"h":68},
	"rotated": false,
	"trimmed": false,
	"spriteSourceSize": {"x":0,"y":0,"w":70,"h":68},
	"sourceSize": {"w":70,"h":68}
},
{
	"filename": "monster101_run_0003",
	"frame": {"x":164,"y":2,"w":73,"h":68},
	"rotated": false,
	"trimmed": false,
	"spriteSourceSize": {"x":0,"y":0,"w":73,"h":68},
	"sourceSize": {"w":73,"h":68}
},
{
	"filename": "monster101_run_0004",
	"frame": {"x":383,"y":2,"w":70,"h":66},
	"rotated": false,
	"trimmed": false,
	"spriteSourceSize": {"x":0,"y":0,"w":70,"h":66},
	"sourceSize": {"w":70,"h":66}
},
{
	"filename": "monster101_run_0005",
	"frame": {"x":2,"y":2,"w":71,"h":69},
	"rotated": false,
	"trimmed": false,
	"spriteSourceSize": {"x":0,"y":0,"w":71,"h":69},
	"sourceSize": {"w":71,"h":69}
},
{
	"filename": "monster101_run_0006",
	"frame": {"x":239,"y":2,"w":70,"h":68},
	"rotated": false,
	"trimmed": false,
	"spriteSourceSize": {"x":0,"y":0,"w":70,"h":68},
	"sourceSize": {"w":70,"h":68}
}],
"meta": {
	"app": "http://www.texturepacker.com",
	"version": "1.0",
	"image": "monster_101.png",
	"format": "RGBA8888",
	"size": {"w":455,"h":73},
	"scale": "1",
	"smartupdate": "$TexturePacker:SmartUpdate:050979b0e839bfbabc9f68fda867285c$"
}
}
